"account","industry","score","tier","confidence","borderline","last_updated","ai_hiring_score","ai_hiring_conf","ai_hiring_src","ai_announce_score","ai_announce_conf","ai_announce_src","cloud_score","cloud_conf","cloud_src","global_score","global_conf","global_src","dc_score","dc_conf","dc_src"
"Microsoft","Technology","100","Tier 1","33","no","2026-07-01","100","0.3","","100","0.75","https://news.google.com/rss/articles/CBMiZ0FVX3lxTE90MmRraG8zZDk0VmJpTEFOR0hpQy1GYllmWTRjTnNCR1lkMTZ3UE9wNk13M3NKS3c0MUVwOTNUQ3czX3JiZ3duRGJXT0NoQUpCQ01iSlJwNFhIeHAyR0NXakF2eFFMUzg?oc=5","100","0.3","","100","0.3","","100","0.3",""
"Amazon","Technology","100","Tier 1","33","no","2026-07-01","100","0.3","","100","0.75","https://news.google.com/rss/articles/CBMigwFBVV95cUxQY1NpVEZHSVJDZDFHOUhUcDdjSUc4OHlxcDQtX1pfSldrWmhEc29fVUZ6ODNDSWVKX09NUExhWU1COXZiOW5FSl9XNEdhRzgtLV9YeXRVdDNEM3lGaVhfeEw3NU5rUGtJQnljcklNZTItMUV0Y2tiVzBlREJqaGZhVFpRTdIBiAFBVV95cUxQZ0hZdGx1di02TVNIdFNSZ1JVb09WTzBTbUhkekhRLVJhTWN3UXF6bW51RXVEY0tkTXBTNC1jcE1tZzNGRmRpVy1wVDF0Y0tnVy15NmVzeVBuRmV6Wm93NTRqdmtoejh6MWpLZTFGeHQ2ZDZuUGFtYWRkUkJOUElZMHNpbzk4SGdK?oc=5","100","0.3","","98","0.3","","100","0.3",""
"Alphabet (Google)","Technology","99","Tier 1","33","no","2026-07-01","100","0.3","","100","0.75","https://news.google.com/rss/articles/CBMijAFBVV95cUxNQ0k1TXJOVVctSXA1ZWx3R1c5WDRydk84a21iSjd5M1hNQXBSajNOWlU5Snp2VWJBelpzcElZRVZoZUVzV0lHQUhsbG1RSjh1TEhnTW1zSWY3RFpYQ0JUWWlLSk5fQnRRZzhSdnBxbUM3VjBDZUFlZlFzQ0xLa1FMWkQteUZwVWVtOGgtdQ?oc=5","98","0.3","","100","0.3","","98","0.3",""
"Meta Platforms","Technology","96","Tier 1","33","no","2026-07-01","98","0.3","","100","0.75","https://news.google.com/rss/articles/CBMirwFBVV95cUxQLXhTQlFXWHNNdmlsTENPd2tXSkZzXy1mbEF1VXVxZHdPRTZfYjVrSjd0STNZOGYtVnBCMzVBOGZtM0tacEtHcE1JY1ZuOU9KazlZLUtyMXNxYjlWV1dNTE9ERlJtM0JXUVA2SmxFTHRWRlA5OTVHelNyc2dKdWZuaTYwTUtnZWthWUk0NEl2TU5WME16TDZzTjZLZVVuN21YMWE3TGhmX2h2dVdybFhr?oc=5","88","0.3","","92","0.3","","100","0.3",""
"Oracle","Technology","94","Tier 1","33","no","2026-07-01","90","0.3","","100","0.75","https://news.google.com/rss/articles/CBMiqAFBVV95cUxObXFrQ3ZyMndPWXltYUhaVm1RajNvRGN4TWQtMkdlWHBDeFhJNkN6TDlBVlNXSXZiWnZFS21RbHRoNkRySjFCVklVM1Bha3ZRYTh4MEs5eXFyU2RkdWJaRmtWOFhkY0RKam9QM0VnS0M0THlvbS0ya3BJaE4wWkE4bGdVTWluR0ZzOHo5a1BKZkt5NEZxLXN0NEZQV1ZkMW5ZdFhvdXVxWUU?oc=5","96","0.3","","88","0.3","","98","0.3",""
"Palantir","Technology","94","Tier 1","33","no","2026-07-01","100","0.3","","100","0.75","https://news.google.com/rss/articles/CBMigAFBVV95cUxQRFFfb2FXMUNJVDQ2MnBIS0l3MHRiTFN2MUlxelFrc01rakRIeWRMaUktQlRwczl2UWZpdXEwWWRLMlFSQXBNQVh4UFJla0gzbUVNVkV2VXlLdW9mZGlOdVl3ak9Sc2lOdUNiLWlkNkNMWUhwOXNpUXdxd000bmVRR9IBhgFBVV95cUxPTHlva1FyR0F0anlNZjNRd2c4bDYxWXhTNEJUUHhUYkpNQm9qV3UtX3BLMFlWZ2NEc2dheWloeU9Jd3dNekpQMEswY0NwT1pUcTFTeC1kOW83UmluenZoT21kbk5jbTFhQ3NBNUxnQi12TU9QUWdpSml5UWxnTDQzSEN6UnRXdw?oc=5","100","0.3","","75","0.3","","85","0.3",""
"Apple","Technology","92","Tier 1","33","no","2026-07-01","92","0.3","","100","0.75","https://news.google.com/rss/articles/CBMioAFBVV95cUxQVXFWejRXcC0tMllZUFg3VmM1d29RRnFqVXNkOGNhM0R5emNwSUs0bTVCS2F4TTZWOFlGSGI0RXoxNmFWbXZTV3U1dEJDcXMyd1FUQlhiNk80NFVpa2wtZFBuNEE1YnVLcHJVY01JQjE5ME9XYWw5b3ZON3p1aUhORnBxMWg3Mzh0d3oydlZDSC10V1Y0ekZuMEhsY0xpLU9Z?oc=5","98","0.3","","87","0.3","","67","0.3",""
"Salesforce","Technology","92","Tier 1","33","no","2026-07-01","92","0.3","","100","0.75","https://news.google.com/rss/articles/CBMirgFBVV95cUxOWmp4MlptNmJHakJQWWFyc0hJRzllQXRZcTVsTnVpT2U4MThFdnpEWS1PM3JnR1F5MlZqVzRrXzZTTFJxY010eXUtYnNoZ0pZSHMtckx3cU1xa2VKWjZFRHUtTnVCQ0Y1RURtVFJJZXZrYTZtYmJCcWhYOTZiS19lNEVQWGdMUi1MeWxlbFk0RVRpVWl5Q18xUzd1YVFrbkp1Z204aExPRUR0R2hyQ0E?oc=5","98","0.3","","87","0.3","","67","0.3",""
"Adobe","Technology","92","Tier 1","33","no","2026-07-01","92","0.3","","100","0.75","https://news.google.com/rss/articles/CBMioAFBVV95cUxOWWVjU0hMc3FTZTJ0OWd3UFZPekxpV29odHdKWmN5eTU5cWo3YVZRczVQTk8zYk5meEZIXzhwN3pJaFhTRXV6MEJDa25qY1kxdWJCNExNbEpmSVB0SURMZHFpeUZ4UXlNZmpBQVJiWUNHVjNwc3VDdFRYSW0wcnNVVjdlV2s1bVBOaU5TUXE1c2lXakxGdmNiekI1eklVVzZx?oc=5","98","0.3","","87","0.3","","67","0.3",""
"SAP","Technology","92","Tier 1","33","no","2026-07-01","92","0.3","","100","0.75","https://news.google.com/rss/articles/CBMisAFBVV95cUxQWnY0dXdrM2RXQVNNZ2E2ZWwzUjY5bjhraklYYWViLTlBUTBsS2w3M3R3RWNzSXZBRTlmeVpqXzVZOVBSbmswUTczanVrT1VJWnlibC1aQmU4djEwUjljY1pZekJSbXY5OGdHOFk4a3h0bDVMLVVBVUdwdkNJZjJ4bU5IMms2ME5GM1J3ekNrVVN4RktCOXpzcloyRGZFekFFQmlBX3hrWndtX3FYa0xTTA?oc=5","98","0.3","","87","0.3","","67","0.3",""
"Uber","Technology","92","Tier 1","33","no","2026-07-01","92","0.3","","100","0.75","https://news.google.com/rss/articles/CBMie0FVX3lxTE9yeXo0WE4zM3ZWcXBrb0tISE5Wa1ZBQlRGdHlPcjlfZEVWeC03QVJWaVBMS01USWQxZTAwZ1BxRWZhdkw1N3ZjUE9NRjZvVWF3T3BwdUxFb0VlRVJnQUJHalFkOC1FbGhFNm5Xd0xibWlQa2tRSEFmUkFfVQ?oc=5","98","0.3","","87","0.3","","67","0.3",""
"NVIDIA","Technology","92","Tier 1","33","no","2026-07-01","96","0.3","","100","0.75","https://news.google.com/rss/articles/CBMiakFVX3lxTE42cDYyR2FrMm5FbExDb054Y0FoX01xelFWaml0UUlLWl8wOTdVdTk3UW85djc5eEFEWkNpNzJfZUdBbHVzcE83dFZsNlBCaHY5Q2x6NTFZeVFzb2hlVERqOVNqZVhRRU5kRUE?oc=5","82","0.3","","86","0.3","","95","0.3",""
"AMD","Technology","90","Tier 1","33","no","2026-07-01","90","0.3","","100","0.75","https://news.google.com/rss/articles/CBMikgFBVV95cUxOUmc5TFpSTEhoY2pIanVTNDNOUS1mU2htUS1vN2lGZUZPTjhhVW5CeEY1NzQ3b2lhZ2VZN2Q1a3R0Y3ptM21rbU9HMVZ1UWQ1elh0UV9CS25Cb0d3eGlHdDhGcGpmV1kzTVdGZFd5ejFTcHQ1TlJXYXViYlpaV3VJblN6Q2tIQVI1TEFMNmQzOGZHQQ?oc=5","76","0.3","","94","0.3","","84","0.3",""
"Broadcom","Technology","90","Tier 1","33","no","2026-07-01","90","0.3","","100","0.75","https://news.google.com/rss/articles/CBMilAFBVV95cUxQSHBydFppXzZ4RW84NDhFQ1ZVSk9qU01ZZmUtcFg5UGdmZU9mWDg3VExaT0NrOFUxUEthXzhQRHBLNEFRa21GeGdoaWQwbXpBUW5wdGlnUlJFX0ZUSXVyTk1yeWVHdFdPdUt1X0I0WC1EZF9ua0JjWEUtLTFVYkVQRHcxbG1fSkl5cEJkZW1LZVRZLUZy?oc=5","76","0.3","","94","0.3","","84","0.3",""
"Qualcomm","Technology","90","Tier 1","33","no","2026-07-01","90","0.3","","100","0.75","https://news.google.com/rss/articles/CBMilgFBVV95cUxNSXY2VDJuVFlGOV9feTdkcEJjYmVuU3RjRktlVzA0OWNGNk41di13MTZuRzQzc3RudWhMd093blJVdW5NVU9BRWM0Yi1RVUhvQnowRGxjTFNzN1JzLUpod3ZwTHpNLTAySUtWTVZRYkI1MlgybURqX3FKUENqV0I0dEVLbXl0WDBIek5vZDJ6YlBYWlZmTlE?oc=5","76","0.3","","94","0.3","","84","0.3",""
"Dell Technologies","Technology","90","Tier 1","33","no","2026-07-01","90","0.3","","100","0.75","https://news.google.com/rss/articles/CBMijwFBVV95cUxOM21jVWRIYmJQdVdmWEtHNEN2SXhPVjFEWHdXbHUyVUtldEw1Q3Vwa1dvN3Z0bG1OcjBuNUp0R0gwek5rNE1rb0dVOEJhaDU4UENIajUxRmU0ck14b3BlcEtuOXNsd1IxdG0zTnF6b1lPY2lDTloydlJIYTVkT0plaFBXT0czV3FMaldCNlJTQQ?oc=5","76","0.3","","94","0.3","","84","0.3",""
"Hewlett Packard Enterprise","Technology","90","Tier 1","33","no","2026-07-01","90","0.3","","100","0.75","https://news.google.com/rss/articles/CBMi2gFBVV95cUxOTnlIZkRZTVpwaW11MVJzbnEyRFg2NFFaR3o4VC1hSV9PdTNfSHFta3JPeC1UT2RrVGN4SXdJNGpNUWdPLXNLa2RfTXBXdlMzT0UtS1luZTRqMGRIY0FqT0pZa2ZTcHZKa2ZTNThOdTlpblR5MFVMaWs1Z041dE44djRGeUstUGk0VURpTEprUy1iVmk4XzBlNFdwUDNycUN5bVF6RkNYcXF2dWZDSzNFWEJwMUw3elU5d2RTTGhBbjQyLXBjUl9lN0dwYlJRM3U4UEEzV3oxTHQ2Z9IB2gFBVV95cUxOTnlIZkRZTVpwaW11MVJzbnEyRFg2NFFaR3o4VC1hSV9PdTNfSHFta3JPeC1UT2RrVGN4SXdJNGpNUWdPLXNLa2RfTXBXdlMzT0UtS1luZTRqMGRIY0FqT0pZa2ZTcHZKa2ZTNThOdTlpblR5MFVMaWs1Z041dE44djRGeUstUGk0VURpTEprUy1iVmk4XzBlNFdwUDNycUN5bVF6RkNYcXF2dWZDSzNFWEJwMUw3elU5d2RTTGhBbjQyLXBjUl9lN0dwYlJRM3U4UEEzV3oxTHQ2Zw?oc=5","76","0.3","","94","0.3","","84","0.3",""
"Marvell","Technology","90","Tier 1","33","no","2026-07-01","90","0.3","","100","0.75","https://news.google.com/rss/articles/CBMiwAFBVV95cUxPVFdIVnZseE12Nm9lbE1mbkdxdnRmVG5RQjBsQzNiYV9nUlRWbkIyNjd6VmxIdjJuM2ZVRXFyU3VQczk3MVJNX3lHdVA4aXhPei15emp3TmMzdExyQ0VwbkkxX0R6enpac2RXLUp5cnpTLWNPTUJ1dzFTY1NwUk45WG5TdlpXV3pvRjFSemRia19ZUGhyek1TVkFMZnlxc3p5VTlOT2l5bE1vZ0k5TG5zY0J4SklrVm1MRU9ucTk0M2g?oc=5","76","0.3","","94","0.3","","84","0.3",""
"Visa","Financial Services","90","Tier 1","33","no","2026-07-01","92","0.3","","100","0.75","https://news.google.com/rss/articles/CBMioAFBVV95cUxNMnotN29LSml2WXBQWlhRMkR6aHJaTjFzT0pUX3RnR3l6dzZsQkdLQm8tendacG1PcUtvdm50ZGg3SzhQQWlCRWdUVGJlZkU0RG0yLW9oTHBRNGF6bEd2Q1IxOEVVSDhWODZSTGJRWlNXaU84OGYzMmFDR0EyaDhxMWhjWl9iWE9vR1ZHY1F4cTRxNjRwdnFkbDdxakk5bTE0?oc=5","92","0.3","","92","0.3","","56","0.3",""
"Mastercard","Financial Services","90","Tier 1","33","no","2026-07-01","92","0.3","","100","0.75","https://news.google.com/rss/articles/CBMijwFBVV95cUxNZ3JHRTVCNVZKTDNuR1NlUDFjdGRwU1lWNndvZTFudmEtamhBOU5nRU9IWE5ZaDI2VjZBMmJhaUpLVmxYcGs0QVZPOXZ2U3dhX2c2eW5UbW9LRUEtNWNCUmt4YTVZMjB3RmdJakZoX2xFMGY0MW5obFZiMlNfYmlYeUN3amR4akVRSE43dDVNOA?oc=5","92","0.3","","92","0.3","","56","0.3",""
"ServiceNow","Technology","89","Tier 1","33","no","2026-07-01","92","0.3","","100","0.75","https://news.google.com/rss/articles/CBMijgFBVV95cUxQVlRvdUpmcHZKOW0tWTA5TmkwOUNCSjNFX21LTDRtT21iUUp2YU9SSzdaZld0eEJlNGZLV0tLeHNhR01IX3lpZ1hVVTI3d3BVQmZpbkVZV0kySmFXVlhUUDZwMFI0bHZ0NHVJVWJJWUhPV0tKTXlPcnJ4Tm1RcjgxT29oSU0zTzVPYlNqRzF3?oc=5","98","0.3","","75","0.3","","67","0.3",""
"Snowflake","Technology","89","Tier 1","33","no","2026-07-01","92","0.3","","100","0.75","https://news.google.com/rss/articles/CBMiggFBVV95cUxQei1TYmYtdVFwSWdOVVF3VjFHaWZLa1Z4cnpQbEFzVHZDbDNDWExvQU1sQ3RCSTFNbWI5Y2s3UjBXSmxOaDBjMnpBWThRRndMZEtoSDhfdk1VdzVjME5sSmxEckVqT3lFa2gwSXBSMFlQMVJHb04tbDZqbXdLY3hhc2hB?oc=5","98","0.3","","75","0.3","","67","0.3",""
"Atlassian","Technology","89","Tier 1","33","no","2026-07-01","86","0.3","","100","0.75","https://news.google.com/rss/articles/CBMihgFBVV95cUxPRDRZN1ozT25qQjlOOVZITV94X084UUtzZ2ItcFN2S1JvR2NUNTVkMVdwWS05enNCNDRyb2Ztem01bUVmbUNHTjZBaWJmTUVFZmV5amtmRXQ4Zk10NHNWNVR2Qm1PWjh2ZHRTOWhYZmdGbDh4VllUeTByOHV4c1ZpSGZEV2hDQQ?oc=5","94","0.3","","87","0.3","","59","0.3",""
"Shopify","Technology","89","Tier 1","33","no","2026-07-01","86","0.3","","100","0.75","https://news.google.com/rss/articles/CBMi_AFBVV95cUxQWmQtLU85aXJNU3E5R25pbjZyeXVpMmN6eTl6b3pNM085NmJ2QjM0WGxHU3VncFppV2w4MUxSV3gyUURRdjAwRXJqX1VXNWdsbWc2RVlfUHZJZ3ZRb2FYdzBsLVNZY0plT2wwMmZxZXpEbWdHU2pWUkx6TFlHRVhMSUxSN3hCZmlPNkJ2QjFoUkNENXdJZmt6U3hsMWFORmFaWEhFZGt5UW1zd1gwNXpPNWpUR2I5ZGkyLUlMendNVU5TODR0Rk1IWTMtWFlSZ2dqbE43b25mOV96OURod1FmUTVuaGMwd0EyLU9NbVhBcFctOFZjZVN5UUpjM0c?oc=5","94","0.3","","87","0.3","","59","0.3",""
"Accenture","Professional Services","88","Tier 1","33","no","2026-07-01","88","0.3","","100","0.75","https://news.google.com/rss/articles/CBMirwJBVV95cUxPNjlyTDhyQVJ4Rk5MczdJWnZfQkEtQ0M0WE8yaHpmcnFtUEpSZGFLZWJxQ1NxTlJtRThOb0M2LUZMYVBVNTMtZktvdG5TOHhmQ3UyTVExU1JoMWNLc2xuV2ZMWWR1SEVoOXJWMFdpT3paNlZReVk4cC1ZVzFadEVSSTlYUzdCb21ZNnI0bElTLXF0dGsyT3FPS19fQWZjRjAxcDltYWJwb1JURzg5VF9HTDhZZVBjem9LV0stRzdCVGU2ZUNwWVFyVHFZakdMcWJBdFNXcm1xdkhXMTJSV3JFWDBYSVQyblQ5WmlhRDFidUdJMGZpQjhIMk1xdTE5d2xfdWtQSnZ2ZUtmWGhEbzJxU253LTQzNmFvUmYxOWw0TEM5UXlLdTRXQnE3VzBJS0U?oc=5","88","0.3","","94","0.3","","50","0.3",""
"S&P Global","Professional Services","88","Tier 1","33","no","2026-07-01","88","0.3","","100","0.75","https://news.google.com/rss/articles/CBMiswFBVV95cUxQLUZwY2tpM2IwY3pybVdRQUlRZEt1Nzh1bmVEV1lETUNDMWJHbU9iSnU1R3l0RUxwc25FZFVzR3RpY3prb2pZRnpWQXc2d3g5MkRpbW13Uko5QUEtRTkyMXRTNWdmNk5jU25uRjJSWW90X1NHNHdndHVGM2s5QjRjUkphVlphNEw1WkpnTmZ3d19pYVdvSS02ekZGRVY3c3ZjVWR2SjJpQnZ1a0h1RGN3ZzZrQQ?oc=5","88","0.3","","94","0.3","","50","0.3",""
"Intel","Technology","87","Tier 1","33","no","2026-07-01","84","0.3","","100","0.75","https://news.google.com/rss/articles/CBMiiAFBVV95cUxQMHR5MmdRT1RtUV9Nb2RhNzhtT2V4YXMyWHphZ1lleUlFYjhBVEtaaWZNQTNGaEZ2Sms2eVJjcG81NGNwZFIzQVFNb2VfQUVSYjJGM01rb1FjQlNPT24yYlZ5VGpNNTd4Z25XcEI0U3NDbkRvU2poaXNjTVM5Ql9LVW9QQW9FTTNG?oc=5","72","0.3","","94","0.3","","76","0.3",""
"Micron","Technology","87","Tier 1","33","no","2026-07-01","84","0.3","","100","0.75","https://news.google.com/rss/articles/CBMieEFVX3lxTE1mQ09hU0NrMXhNakRzOHdIZnZIVWpBdDNmd3JsNngyTFZ5Zy02MjZsN050S1RFRnJPNGhsTkRNRmxOeVpBVXczOUROanVQVHhuQ3FqTFRCaHJzblhsSHVkbTM4amtzQ3J1ZFJOV09hMktqSDFrZ1l2NQ?oc=5","72","0.3","","94","0.3","","76","0.3",""
"Applied Materials","Technology","87","Tier 1","33","no","2026-07-01","84","0.3","","100","0.75","https://news.google.com/rss/articles/CBMisgFBVV95cUxNX2huV3EtZ0RLcVo3X2tPVG1RSWI0aTlydi0yekhsc0pFdDZzaDhZalNHZ3dmSGhDQUgwSkg1Yl9vX3pHUmd5bHphbkVFS2RnaU5OSHhXQjFDWmFnYWVQTmhRV0VCOUNTRHRQLUd2UExTVTFvbTFNeGlQVVhlNV9VSER3NEc3UzFyaVI2T2p1NVA5MWozSWtuY19JelJqajUwSzZSeG1PYUVDUWlzNURVSFFn?oc=5","72","0.3","","94","0.3","","76","0.3",""
"Eli Lilly","Healthcare","87","Tier 1","33","no","2026-07-01","84","0.3","","100","0.75","https://news.google.com/rss/articles/CBMifkFVX3lxTE8tX29TTTQ5X1E1ZDExSVpHLTFuMGtaV1o5NXlod0d6Zk5QNjZFN2U4Z3JJYnJvWVpuZnFnT1loTUVnV3lZTHBGdFZFTFhHSGZWOXdQUF83Wm9TVUFjWjk4LWZiRzBKUWZJSmVwMU5OQi1Tc2xra0RMc3V2NzJhQQ?oc=5","82","0.3","","94","0.3","","58","0.3",""
"Tesla","Manufacturing & Industrial","87","Tier 1","33","no","2026-07-01","92","0.3","","100","0.75","https://news.google.com/rss/articles/CBMifkFVX3lxTE5IaUs0TXFWcWFTMThjNHdnZm5PWF9BT3lSM24zUVY4OUNhbW4tbkwtQVBVa095Y2swVVJFZ3hsdUpvMktYX0VUVWs0eDhtZkFNS0tHMmRlLXp0aGFtMUNVRXpCbkxyWC12R3NHa0Q0ZGE2elBTdEc3Q1ExdnVLUQ?oc=5","72","0.3","","80","0.3","","88","0.3",""
"Workday","Technology","86","Tier 1","33","no","2026-07-01","86","0.3","","100","0.75","https://news.google.com/rss/articles/CBMirAFBVV95cUxNQk9TZW9yWE5yLVp1V2paNXJuTXNaNGlZd2N1NlBuZHVvaFVsbkUxVVcxSUZpdVJZVm91Q0g1Y2dKWlFCbUFkcGRFbU1aRmtuSUNIcmRMVm11aWhVeHJYWWtDdEFtVlE4b19hVFcyNjI2Qzd6cXdDdUZKRGxoSm90cDIzeVhPZTVuMWxHVjUyb2xEZGJXRjZGdkJMRlh5bUNlSUlyOGFYeGJDRngt?oc=5","94","0.3","","75","0.3","","59","0.3",""
"Datadog","Technology","86","Tier 1","33","no","2026-07-01","86","0.3","","100","0.75","https://news.google.com/rss/articles/CBMitAFBVV95cUxOa0NQVlBSX3IxRjVFUm44Zi1UcFFEc3JpeEdPTDl4TnlvOXZSVEN2X01UTDRXX04xMFV4emEzLWdPbEdwaHVPMzlPN1ZkZlJwT2hQWkhXTEM2eVE4SXBSV1lnVTQyZlh3RHdBTmp3RjJjSmxWbWV2SDJ2WlJranZaZ25ETHpYaWtLODYzc3JTS2k1RXpyS3lQVUxPM0tUWjFGaU9CSG9XeTV5aF9LT3Z0MllWUnc?oc=5","94","0.3","","75","0.3","","59","0.3",""
"Intuit","Technology","86","Tier 1","33","no","2026-07-01","86","0.3","","100","0.75","https://news.google.com/rss/articles/CBMiggFBVV95cUxQVFdYU3REMGtWUjdkX0tJWVlzLXlpU0FEUWhPdzJuWGdiVTVDejBmNE1mbTdOZHRBWUxMQVlxQkVVa3BMN0pBaWFnbjNsWmpuaDFBNnlEOTJxN0hqamxfT1F2MXQ3ci1hUE4yUDlVOUpWZ3A5ajRpc0M5YTNiNE95Tm5B?oc=5","94","0.3","","75","0.3","","59","0.3",""
"American Express","Financial Services","86","Tier 1","32","no","2026-07-01","86","0.3","","93","0.75","https://news.google.com/rss/articles/CBMi2wFBVV95cUxNN29WY2hlcGF0TzdoLXZJYkFMMUJ4Z0V0VmItMFNOaUxLVVJzaWc3Qy1vYTVDeDBHRUtRY2p4LXJtYzNfMzdvRGNvZzFkdmxNNFRLZXpsUFdTSnZ3dzM4ejdOSEl5TzFFckJZdUdRZnZaamM0ZGU3ZHhTLWNHSFBuTzQ4U21PTE9hSGxHeUhtV05HWVEwYXYwWnhBV2s5VkZqTTQ0RTlxemZDY3BKN1ZYMkdPdTVOallxbFBCVTlvbmNhWHZNTW9wZHpYQjdaaEd2Q0E3b1huOVd5VFk?oc=5","88","0.3","","92","0.3","","48","0.3",""
"PayPal","Financial Services","86","Tier 1","33","no","2026-07-01","86","0.3","","93","0.75","https://news.google.com/rss/articles/CBMifEFVX3lxTE56Z09FWFlBcVJ5azBMN3Q2SWZ4WUJHSXBsalp1MXotZTNzX3RYRGUtR3Z6OGFaUTRjZ2kyVnFqZlhKaWlkZTJrZW5nUlFmYXVSU0Mxb210VGNyUHc0SzBGbV9EZERRQXhCVmlBU2pWbWstS2RTS0ZOTlpYZ3g?oc=5","88","0.3","","92","0.3","","48","0.3",""
"Netflix","Media & Entertainment","86","Tier 1","33","no","2026-07-01","86","0.3","","97","0.75","https://news.google.com/rss/articles/CBMirAFBVV95cUxOZTlXdURWYk90YzkwM0JPNFY2d05IWllQem1Edld2LUlnMElocnh6dzVOZjQ5Ui1YMjItRFk4SHJwa0FsQURfNThpdlJyQXVRLXJ1ekc2SjlfTENBdnV6ZHNvWVVVaXJ6NDZZVEhzN1RmR0h0UlM5R2FibVJ0cXFVbjJ4ajVSZ3RhTXFfWExjRm9FUlR2NlRYZjNmbHdpOGhlajFEOHFzUVRvUXJJ?oc=5","90","0.3","","84","0.3","","52","0.3",""
"Spotify","Media & Entertainment","86","Tier 1","33","no","2026-07-01","86","0.3","","97","0.75","https://news.google.com/rss/articles/CBMihwFBVV95cUxPQVI3VHZVZ3E0TTJYcS1Kam90MnFNdE5kdXRheVB3Qkdmb1ZVVmFOZ2QzUFU4OW0xQWV3REZQeTVveXhkNk5XYS1xZWtMVThTYTJwRDVUYkhYa1VHbDN5T3dzSDdHajRkYW5WR1lVWDBiMmdid3ZnZGM1V2RPZ0dxMmdjV0NFYWs?oc=5","90","0.3","","84","0.3","","52","0.3",""
"JPMorgan Chase","Financial Services","85","Tier 1","33","no","2026-07-01","88","0.3","","99","0.75","https://news.google.com/rss/articles/CBMiuAFBVV95cUxPdHFaOUZld000bmlWWVBkWWl3d0g5enZUbzVsRGFUWmtnMFlFTm5fSzl4Um9WZDBQRjRpLUQ5MHhlZHozVlBnQ1dfNXA0T2ZZa1BYOEZoQy12aHJxY1dNYkxMdFVBMVlnMlhKbWp2bmFfeVNEeWE1U2VHSXV5dkxUOXVRT041X1FqOFhRNjRVSUF1bTFBaDVhTXBzNXVOWmJKNTdxOE41a3V2RmZudlBCRVlvWjRnbUJo?oc=5","82","0.3","","84","0.3","","54","0.3",""
"Bank of America","Financial Services","85","Tier 1","33","no","2026-07-01","88","0.3","","99","0.75","https://news.google.com/rss/articles/CBMizgFBVV95cUxQU3lWaUpUeXkzOVBnQktzbml2WHZzVjVSRmZEbUZ3LTVRbGE3ZVNJenJPMjhvellnZjRoUGsxYUxHUWx3Z2ZaRmlSQnlQOE1FZlpaMGU3VWRIRDY0NDZnRXY5TmdMbkN3dkNocjF5MEx2WUcwNEdVa3pkWGVLNi15cllENk1lNWZ3VHhtSEFZeEo3dHpSV3FFVi1HVWpZQXZieVdocmY3ajlaZHd2My1FLU5CdGVmdURwT2ZwZnpJM1o3TzhlV2stVTZlaklJdw?oc=5","82","0.3","","84","0.3","","54","0.3",""
"Goldman Sachs","Financial Services","85","Tier 1","33","no","2026-07-01","88","0.3","","99","0.75","https://news.google.com/rss/articles/CBMiqwFBVV95cUxNR3NtS0VBS1N0N1Z4ZmRoTDEyWHRZUVpxNVc0S1hHLU5ablUzSTNlTXNZZ2RpNUpHT0ZsTXhwN1VjeWhCOFJDS1JpTVNzWWplazFXV2hQbHdwbkRWU25nbkhZTW5WNTcwVnRPV05rczNhZF9XWXdfaXgzWlMwakl3UlY3Wk5Qb1JUUExMVlJCdk52SVVLcjVJWjctdlBnTGVLcG5lWkdSNlNMbUE?oc=5","82","0.3","","84","0.3","","54","0.3",""
"Morgan Stanley","Financial Services","85","Tier 1","33","no","2026-07-01","88","0.3","","99","0.75","https://news.google.com/rss/articles/CBMipgFBVV95cUxQNDhFZ1VlNDFzSjE3ZXhtWnJNb3cxSERQZklXeUZCZWJGa0RnQlhidmlISURTbGlVRGpNU0VYZEJKbWFvdTNTbDBWMnlSbEUtWTZVOEloYlhETmh5Y1B4amdrcDZ5N3BIREVOWjY4a01SbTl6aG1iZk5VTnc0THM3UVVmbUZVMlA2SUdHOVp1bGlaSzQ2WmV1blh5akd2eXcxT0RWcm9R?oc=5","82","0.3","","84","0.3","","54","0.3",""
"Moderna","Healthcare","85","Tier 1","33","no","2026-07-01","84","0.3","","100","0.75","https://news.google.com/rss/articles/CBMi-wFBVV95cUxPUFRQSzlPT2JrRHFEZFhKYlZRYjQzQTZDbG4ta24zcXBvNUdMT3RsWXVXa0ZIenZZVHBRcnV6OExfRnVXX2dCVjZTWW5QYk9YbEUyMHpKXzhRTmRUdXo0MEVQMnhrRUJmRGlZOXZxSG11WC15Z0lndWdiTlVGUHFBUWpUZFV2LXdEcXhSX2VGWDJFWXNmOXZWVnkydXJTNXdsSTRiaWEwZWpqMlFFZlRaR2RKUkdvdW80a1Bpc1ZhbXFyMHJnZTRQMzhsblYxRjJtb3JBaHlwU2ZJV0xVVW9ZUG5aVVBLdGJpaHYtYVVrVXVQdGExdF9ydllWOA?oc=5","82","0.3","","82","0.3","","58","0.3",""
"Cognizant","Professional Services","84","Tier 1","33","no","2026-07-01","82","0.3","","95","0.75","https://news.google.com/rss/articles/CBMiowFBVV95cUxQM3hjUV9EdWVQYTRwQmdtMjJWR2VDMGJ6MjMtdnBUVTVyendSSkZhMnBYdjJZYk5BRWhtT0dsdVRlQ3liVHhYSTdBS2FYdUV6S3VKb1ZQQ1Z1ZlpvQWhNQ0dHUkRtRnFHUTBSanp2OTEzSkNmTlhCVVhXSUpIVmdRWXRocTdJb0RXeGFkZjA2UnlvSGFaUjk3Yi0wMTUwa2dOdnBj?oc=5","84","0.3","","94","0.3","","42","0.3",""
"Booz Allen Hamilton","Professional Services","84","Tier 1","33","no","2026-07-01","82","0.3","","95","0.75","https://news.google.com/rss/articles/CBMikgFBVV95cUxPMVZjUVJrTmxBUnJvLTVTNkRTclZ1OXZxV01OVS14RHZJa2pvNzFNWmNYMkgxeXVPNFkxWWU1UHdGb2pkU1NPX2xCZVFETmZzYkVuXzdac1JoeGRHX0xhSzBYVXNTSGU3cDkxX01YNmNlamcyTmNwUW12VUpFdHhDanltc3M5dFZBMmR3dlA4aHUtdw?oc=5","84","0.3","","94","0.3","","42","0.3",""
"Gartner","Professional Services","84","Tier 1","33","no","2026-07-01","82","0.3","","95","0.75","https://news.google.com/rss/articles/CBMitwFBVV95cUxOWlhFajNGdXlFcXZKaHBiMWh4VW01WTZQTDhmMDBrZjJqSzVrNzFTWjlRZGZZQThqYVVzb1dqd1BfMDJGME84el9YelZGZEtENl83LUFKcVJ6SE1DUWQxNVRlTmtKTG5Ib3ZoR2lySVB3YkdCZmN3Mll6Skg4N01mbjdhY0hNYjhjdlFIdUpVSUhpRExxZWJvOHpDeW5iZ3pVYjh5dS1QR045REdSc2FPdWdOZ1RGSTQ?oc=5","84","0.3","","94","0.3","","42","0.3",""
"Block","Financial Services","83","Tier 1","33","yes","2026-07-01","86","0.3","","93","0.75","https://news.google.com/rss/articles/CBMickFVX3lxTE1VaDZNMDVHQjNxQTBOZklHVENvMFFXNUx6aDJRREhvYTZEV1AySnNLQUpqZ3VJbjdONzVzMzBrbTBMVUl1N28tVlJpVldfUWthMG82Ml82czF4TFhJdHVzMlp0WXhIU0lIa0RkdEd1Mm84UQ?oc=5","88","0.3","","80","0.3","","48","0.3",""
"Pfizer","Healthcare","83","Tier 1","33","yes","2026-07-01","78","0.3","","97","0.75","https://news.google.com/rss/articles/CBMiW0FVX3lxTE54RFJxQmQ0WDcyMUtUdHNCMk1pdmtyOU1TcktTZS1jODBPMUNueHFYMmFmUFlSQ1VwaFpwRHJ0NjA5RGlxeHI0anpyRGZVbkw2Slg4cVB0MkNFWUE?oc=5","78","0.3","","94","0.3","","50","0.3",""
"Johnson & Johnson","Healthcare","83","Tier 1","33","yes","2026-07-01","78","0.3","","97","0.75","https://news.google.com/rss/articles/CBMilwFBVV95cUxOTUk4eXNMRm9XRldCOEFuTmFUWDM2blAzZEFVNXdRZ0Y4ME0tajhZWE9aSmVQRjdjMVRwX2ZqMXhYV1VhT0pPSUNzU2pQN1hieWp4aGJDRVBaMU1xcEplSjZkLTBqb05pbjUySlBYWW5OREl5TzFGN2h4cnpFNDRROFFDX2pXMF9zdFdheUJ5Zm1oVURlYWNJ?oc=5","78","0.3","","94","0.3","","50","0.3",""
"Merck","Healthcare","83","Tier 1","32","yes","2026-07-01","78","0.3","","97","0.75","https://news.google.com/rss/articles/CBMijwFBVV95cUxOd2dGVGhTUW9xSEhsX1BjdTZvclpmZlAwcXBLeENwOUpkeDRvMnVQM1REV0dTZ1U2cUdQNENZS2J5ZEtJYVVLTVZLV1JiN01KU3lyel8yam93U3NyMzFLMTVnajhKVEU2b3Nfa0kwOHdPYlk5RTlKTmppcjZxLXc2VFBaOHF6ZFY0RWlVZXh6Zw?oc=5","78","0.3","","94","0.3","","50","0.3",""
"Amgen","Healthcare","83","Tier 1","29","yes","2026-07-01","78","0.3","","97","0.75","https://news.google.com/rss/articles/CBMikgFBVV95cUxQQWNXTWp2RlBKdXh0NmhHYS1kR2RPamJmZW5NT2J4dmpSM1NQQzBVb21xUGJUalFldjltMEtnMHlPSlF5ekkwVkhINnQ3dFZpNXFOLVNvUmE1Z1VMeHFsNFI2c0FCNU40cHNuR2t6b0lndkJhd3RaMnZLUGJ4ei1iRUZnWFhFRy1qTWFmSGNxaVBoUQ?oc=5","78","0.3","","94","0.3","","50","0.3",""
"Thermo Fisher Scientific","Healthcare","83","Tier 1","32","yes","2026-07-01","78","0.3","","97","0.75","https://news.google.com/rss/articles/CBMipAFBVV95cUxPZm9BOHZHb0tHdWdIT0hsYW1uTHlvdlpKMGw3cjAxZ20ycDRJUzZ6c2hDeXFlZEh4RmRKYlppZ1JWc1hFeDVxcUllM2FFSXpTd0xsTlAwc3RyYXlNTmcycFlySVc3QlhOeE13QjhyY0hnS0kzbzR4V25QTHNTZURYVFNWTlVzZVJySE14Tk5ONXh1dmZ2V3l2b2VyUWZiT0VTQzlHcg?oc=5","78","0.3","","94","0.3","","50","0.3",""
"Texas Instruments","Technology","82","Tier 1","33","yes","2026-07-01","76","0.3","","95","0.75","https://news.google.com/rss/articles/CBMiowFBVV95cUxPYVhTZnVJRTd4ZjZUT0YwY3NQNEtQajBDdGMwNmhJcnlrZk9zRUY3N3VIZ0Mzb0FLcWdFNmdoWkM5bXBKaW1NemdpWTg1TGk0LVhsX3JUeXVlZVlja1ZMN1NFU1l5eUhOaHFYaG9vTTR6NUJuaV9wU05GUmdWcXVEZkMxblNBS3V2UUJwSk1BYlNDanN5SUotNHBxczhiYlM5MGxF?oc=5","68","0.3","","94","0.3","","72","0.3",""
"HP Inc.","Technology","82","Tier 1","33","yes","2026-07-01","76","0.3","","95","0.75","https://news.google.com/rss/articles/CBMiXkFVX3lxTE1YdVhXOXlwOW4zZ1djUXRwNFE1aktMeDZKMDZqYXFLRzkxd080UmJUUXdvY21QYTZuSE12S0tnYWdaUXBraXo5OEoyNVNfYTZMb1ZWLXNSZEJLTGlBX2c?oc=5","68","0.3","","94","0.3","","72","0.3",""
"BlackRock","Financial Services","82","Tier 1","33","yes","2026-07-01","80","0.3","","93","0.75","https://news.google.com/rss/articles/CBMinwFBVV95cUxQTl82a3RNdHdWcGdYNW10NUxmVnRrQTRyblhZYzhGQjFsblJMY241Z2dXXzRXbGVBQlNHV0Zuc1h1U1lmVmtWSUVRdlpfeExleGRtSnJDUnF6RXB6RUR1cWs3b2hXRzNGU1FCblZjbDVpOU9BeDdIaEFlYkJJajNkRF8tR25SaEI4dERCS25WY1E5ZEY0dW5iVU9wZzQydDA?oc=5","82","0.3","","88","0.3","","46","0.3",""
"Eaton","Manufacturing & Industrial","82","Tier 1","33","yes","2026-07-01","76","0.3","","95","0.75","https://news.google.com/rss/articles/CBMioAFBVV95cUxQdDNpWXpQcmJWWWJkQ0ZNZ2lWczdCUXRmdTNocXRCUlpRSXR2eWhETFlJMlhETG9vMllIN3g4cmdsd1RDTW5xajNZc0pWTDJ2OUFxYVhZNEdvQ2QyaURlaDRNVmlrVURHTVR6N2l0QnltVHVjMFBPWENVRThXcGNFLXhCUG82V0RQeDdxWDdvUm9wTG5aZGRPdDNrSTB3MDdC?oc=5","76","0.3","","96","0.3","","52","0.3",""
"Rockwell Automation","Manufacturing & Industrial","82","Tier 1","33","yes","2026-07-01","76","0.3","","95","0.75","https://news.google.com/rss/articles/CBMisAFBVV95cUxQaXpKdmNTUGJQM3VFcllFOEt6ckthNmNNbjBmdEhCck1vS2VlT2huT0Nzb0JLTmUzeDZLaENpMUE1TkFpU0tfODFFVS1DYy1Hd0FRWnZpYW91bktESjA1SHVzMTVoaVFaUGV6QzNHeklaRXg0aE5ORjVfZkxxelc1eUNHM1dBZmFqUExnblF0M2xEWk1RcWg2cWVQejJFbVRBR1NGb2owdkI1dW9ybks1TQ?oc=5","76","0.3","","96","0.3","","52","0.3",""
"Schneider Electric","Manufacturing & Industrial","82","Tier 1","33","yes","2026-07-01","76","0.3","","95","0.75","https://news.google.com/rss/articles/CBMirwFBVV95cUxQSXMzd2FHNjNoTzhhZDZWU3JyN3dXNG12Q1dnNUFhSXZLMEZEdXl4eFV6bGp4YUFMUlRSVzEwRkJjOHZtTTZKUjB1Q1U0ZURxSVlxeEFLNUVKQ0RyZVRXRElBemczNlQyY054c2FGa3lpODVGSnZFaERlazBBM0VTZnZYQjZmWmV3R3Q0dXBwbFNQR19ZWXFpRmFQb1B1SlEteW1LYTZwMEVRdTNROFpJ?oc=5","76","0.3","","96","0.3","","52","0.3",""
"Corning","Manufacturing & Industrial","82","Tier 1","33","yes","2026-07-01","76","0.3","","95","0.75","https://news.google.com/rss/articles/CBMiqwFBVV95cUxNVWdrOUIxY0xNdHUtS1J2N01TLWlXMXZRQUZqREdaVUx3blF2T0dMZFJKWnowOU84Rm53cHNvSlBuS3FIWEhRakpJaEFCRndmUFNxUF9YU1FEWF9SZnRMeUFnRWdBdElHMmFCWlExcjNoT25Jdlo0SU5YOVlCNE5xUHliQl96ekFFUU1DcnBpb2ZlUHRQaWdPeXpXY0ktZDVTcEFUd3FGM09zT3PSAbABQVVfeXFMTUVidGVQTkdpZ2wxOHoyVndBY3lMQWhRZFNvMUthRUJTcHFuZzNvZDRFSVJMZnlfaXRma3NXQk9VOTlyYl8wclRrX1dqZWJCbnlxaXR3dTFfMzRzWXh3WVVPdTlGdWVINXllYjRvdF85Y0thOWU5MWtNZlZXbW9ibDBkWl9kNjNlM2E3OEY4aXRSbzFmMEFsOFUzTWNEaGlQdkRSc1pudmdwQkU5TzFNTWw?oc=5","76","0.3","","96","0.3","","52","0.3",""
"Ford Motor","Manufacturing & Industrial","81","Tier 1","33","yes","2026-07-01","80","0.3","","93","0.75","https://news.google.com/rss/articles/CBMiigFBVV95cUxPaG5WOUtKX0hWQUxCNHEtTWlJQ08wTDZsRDFMajYxbHZMXzIwT3ZhVlVWMmlCekRwY2JIeFBvWnZ2eko1V1IwUUlXanpBVS1FLVJsTXI5d01xR1FqV2lHaVp0TFJmd05kZEU2S2ZpQUtZTjVYbU83ajEzcXJRUm51OE1BVm9uU1JXSmc?oc=5","76","0.3","","88","0.3","","50","0.3",""
"General Motors","Manufacturing & Industrial","81","Tier 1","33","yes","2026-07-01","80","0.3","","93","0.75","https://news.google.com/rss/articles/CBMijAFBVV95cUxPU3V6MEVJXzRIeTVJVGtReHktUU82T1ljVFV0dFFPWlVqZno0MTRjd2RlYi0xRFlTZ0ItWDhuSUFIaEdlV2xqeVlXUjBxNUh2WTNMX2tSd25IZ1ZTa29JUi04cEFtUTlaU0pfRVBoWFgtVGZpYThrVUF5VV9SSmN0UlhtR1BNdzE2UDFGTQ?oc=5","76","0.3","","88","0.3","","50","0.3",""
"Deere & Company","Manufacturing & Industrial","81","Tier 1","33","yes","2026-07-01","76","0.3","","91","0.75","https://news.google.com/rss/articles/CBMieEFVX3lxTFBBdkQyLVc4UFlfejdQTEVtckZTTko3SmVLSzRyR2JSMmtnRmxDV29OTUMtN3dDYmxOQlJaaWFRMTRQUmY5cDBZZFNPYWUzRUNJUEh6SlhjWVpacG9MNUFIYTRmeVRsa19oVVNVWVNEVm1iR0pSSm0yNQ?oc=5","76","0.3","","96","0.3","","52","0.3",""
"The Walt Disney Company","Media & Entertainment","81","Tier 1","33","yes","2026-07-01","80","0.3","","89","0.75","https://news.google.com/rss/articles/CBMikwFBVV95cUxQc1BHb3JQcUtGb0ljVy1Kak5hcW81NGdWQUpya3JZR3ZQZmdVS0w1b3pIS3FpdEdyMUZqckZpUTh6Z3ZjLUxHWHZEWS1zaUdETThoSEoyR0ZiUFNtclFVaEtodjcxSlpQcUFyY0NhNV9zUHRPUEQ4M01LTE9lekljdkI1Zl9KTXRXRlRreW1lZC1JY2s?oc=5","86","0.3","","84","0.3","","44","0.3",""
"Citigroup","Financial Services","80","Tier 1","33","yes","2026-07-01","82","0.3","","91","0.75","https://news.google.com/rss/articles/CBMiwwFBVV95cUxNRE10RFNNOFdPR0YxVU5QVUNrczhCcWJpbUhjU0h6S0NTT1J6QmpOVG1BQTNqaDJtYVlXMDk1bGM3RFZzX29uS1EwbzJNdjdPWE5DQ19lWnN5ZTlFM1BscmtRWUgxZm9XOC1Gcl9SWnE3eWtzd1NGMklhQWU1NmM3a0I0VHFZZ3Zhc29yTlhMTFFOc2pIcTMtVG42MmZDVEZIWlltbWhxUi03Y0R5WUpkLVM5TEJLZFdORko5WmhOckp1S0k?oc=5","78","0.3","","84","0.3","","46","0.3",""
"TD Bank Group","Financial Services","80","Tier 1","32","yes","2026-07-01","82","0.3","","91","0.75","https://news.google.com/rss/articles/CBMicEFVX3lxTE9DTS04TW4tSTEyR2hMM3BLdDBpVFQtRmxzOFJsZlVPd2F0RkVfcW01al9yS3plMkF2ejBQcmRWZ3pJMFItaDJfQkl1OU9FcHp2QXlTUUVILTJ5aTB2VWprQ3M1UG9waU5MRGw0NlJxcEE?oc=5","78","0.3","","84","0.3","","46","0.3",""
"Vertex Pharmaceuticals","Healthcare","80","Tier 1","33","yes","2026-07-01","78","0.3","","94","0.75","https://news.google.com/rss/articles/CBMi7AFBVV95cUxPNGZVX0M3cDJlaEo5QzVFZ2tLU0tjZU9jaVpMcGc0cU9jam1qdzQ1cFp5UjBZR0Y5SVJ0dDJpdnpwZS1vbXp2UktpeDZYSFltZnhyS3BuXzRXekNxSWNoYjBQTV9LblBNZEc5WnNKZ2EzUFBvY2NGQWZTanVPdzVWcGNmSmFnYUdpVFFNbVhRQUMyb0Z2d0FvbUxuX0FlZ2RkQXg1TWFxNU5SZG1FWUdFbWpkWk1RSVNWWHQ4ZmpseUZsbVRfU0dVSW9tVy1oTTExNHhQUXJLU3V3U00xX2daMlhwRUlDSTdUR3M1R9IB8gFBVV95cUxPTTVnSE1RSDBCeUdHVjdCWkJjcVBhMF90SW4yRm5OaG1ManAyaGRfc29PcG9ZWkNiRHU3LTQxaW9ob3prMU9YTGRHYXd4bjNYR0I5Z2M4cWkxOG5nWW16VFRGZmtmWXZibnd2MXQ5RVNJdVkzdWJmWkwyYWJranpzbkFPdTZoNjFkT21XQ1U0M2tOUjlrazcyM1c5ZGc3aFVJRlcyRUZqV0EwVHlETnZxS0UzYVdzRnEwZFdnaDRCQkZTY1UwbGFkMERHUFJvMnZ3LWhJR2hkVFlSQVU1TzNvVHhJamlOZXZidzFwNVBYXzMxUQ?oc=5","78","0.3","","82","0.3","","50","0.3",""
"Honeywell","Manufacturing & Industrial","80","Tier 1","33","yes","2026-07-01","80","0.3","","93","0.75","https://news.google.com/rss/articles/CBMingFBVV95cUxPaVd6dHdmYUJwMmxxVGZiSE9HXzkzRlVzYm9FUzg0cDc0dERRQ2JPd3hwWFRqQkJ2Q0xLOUhmeVhGM3NKdERrMG9OSEpSanYzTDY4bWo3dHdKeGFiZ0pyOURxaXNyWnNmaXdQT015ek1ET0l1a1VIYkM3NjRGYnFwbVhEU0tZaUVRd3lkUW9UTXptMV9RaXYwN2pGcFh6Zw?oc=5","76","0.3","","84","0.3","","52","0.3",""
"Intuitive Surgical","Healthcare","79","Tier 2","33","yes","2026-07-01","82","0.3","","95","0.75","https://news.google.com/rss/articles/CBMi1gFBVV95cUxPRWlza1F3OG1pSGUwX2pLbzdTRDN0bE0tbGg5bmJublBfbUZxSlhPUVkzeTVUNC1CdUtkeFJGcWlkTFJpeFdJenl4QXhNZ0otUzRMS1VHOW1SYWJjMHpkQWlVWVdwUWJ1M2dhRXlEb3FGdGZTMEdJaVd1aVhFY0pNRG02ZUo3R1NRR1dzTE1sSGsxU1VlV0FfYnR2MlBEX1laLTNJMTNKR1E4M2xzV1BDUWFVMGp6T3kyZU1WdHVLWEEtd2s2QTdvTkYydnA1a2FBRExzYnhn?oc=5","80","0.3","","64","0.3","","58","0.3",""
"Procter & Gamble","Retail & Consumer","79","Tier 2","33","yes","2026-07-01","72","0.3","","87","0.75","https://news.google.com/rss/articles/CBMiuAFBVV95cUxQRzBoTnNFU05QQ2tndFc3RVBlakNDOThUQzFPY3V6bER6emRBcElQd0lKQ1d2bm5PUmJOdmNlQ25DSUNrZjd1WGpsZllEcVJ0akVCRUo4Wkw5c09sRWlKTzAtcldYVXUzT0ZpVjJzbDhVWndtQkEydFBNWmswU2VTLXlXMjdSOGVpazljZkFRVmtRNUNNTHRoSFN0RmZHSld1ajVKdFd3aXo5U05RaG5sbC1BcE1VdEVp?oc=5","76","0.3","","100","0.3","","36","0.3",""
"PepsiCo","Retail & Consumer","79","Tier 2","33","yes","2026-07-01","72","0.3","","87","0.75","https://news.google.com/rss/articles/CBMiuwFBVV95cUxQOTJBOGl1ZDRPVWgtRDQ4VlJhYlpJS2Z0S1hPM0U4cDNuT1I5Z0l5WUU4VzRLaVhVRkZRRVJqOGVTc1hNZExVNXp0LVJsRk5zU3M1V2dJMUdCSURYanVSRWhvdGlqYVN6Ym5QNFVoQ3laY2Fzb3pKUGE5SlU1N2p0cXhSZXdGWmxpYWV2LS1MeXp4VXczdzZuVjRjOGdIUUJIX3ZJeDBXZUFDTWxIcUtTZGtYZTRZSmRSQ1ln?oc=5","76","0.3","","100","0.3","","36","0.3",""
"Nike","Retail & Consumer","79","Tier 2","33","yes","2026-07-01","72","0.3","","87","0.75","https://news.google.com/rss/articles/CBMiswFBVV95cUxOcUUtRnNvVkV6SkM4YmFycGpPNVpUeDhiTW1QRWdmaW8zdmRLOWw1T0taeDlIdV9hMFlFSUJmekZ3aGEzQ2RTb3JlV2dPbnJuUEo2T3pzeW5oYVFvWkh2Q1h6Nm5qTGUwdXVMNWd5Nk00cm11SkcxRzZCam5sbEJDa1Jac3BsRVBpMWp6ZWpZUEFTQXFVSVRVTXVZZEtNSHNhcFJsRWFOc1BvcDlCWlVMYXoxdw?oc=5","76","0.3","","100","0.3","","36","0.3",""
"McDonald's","Retail & Consumer","79","Tier 2","33","yes","2026-07-01","72","0.3","","87","0.75","https://news.google.com/rss/articles/CBMipwFBVV95cUxPUUVULWJBUWRlZUFzSmJiZExmbm4xZHRNVXBtS0ctUWRmYlh0aG9pazFzMVBEd051Vk9kLVdKVHBKOVR6ZmVsdDkzbUFra1pZbXBEOHlxODF5Tml4TTZPLW54bWRLSTZ6WmZEdlcxU3hnM1QzNWhSN3o2X1JTajhvaEtoQmVReGpLVTQya1VGLW9kbktPQkpQNTUxTndYd0Vqa2VnSVJkONIBrAFBVV95cUxNdEpzcHUtdm93Tkl0QzRHSmVhQ1pJOW9iZW1PZFpKcFV3Umx2eDJUb2l1eG95QjNnbmkwMlpzV051RExTVEVNaXpnRW9OU29jWGk1M1VjSC1XRFpWZnBaOHY1bkhReUpGelVqSmViUnZIWHdtNmx1SkViZXZvQkozTGo4RnRHS2xMbHZ0THdqVHYwOURXb3dETFJ2aEQ4WXlfcmdhamU1azBfalVy?oc=5","76","0.3","","100","0.3","","36","0.3",""
"Starbucks","Retail & Consumer","79","Tier 2","33","yes","2026-07-01","72","0.3","","87","0.75","https://news.google.com/rss/articles/CBMirgJBVV95cUxOcDE3WUJycS1MeUoyM0dZaWZYUEs3ell1Q1BaOU1Id1VsamRnM3lXdkg0SXlwWHFsWVhlVVZPZ2FRZlJVRDdZcVRGUmtyUVZqeG1XS2hfRk9iT1ZpY0N3MjdNWDhMbW1rRnBBRk16UFNIa1pQS0VzQkVaaGo4RGFYTy1mMm1GcmlLd1kzWTlla3ZyZ3pCcW5CcXJqclJwZlMyclVpRVlnNE9FblUyR09xc3lZUnBkYWhLd1R0NkdZWFp6SXZLYlJHUnA2eUNRQ0NVOXZ0aGdoMFJhUjZzTldqZ3N3RHVSV0xnX09xeWU2aGlib0Nqb0JCSjI5VHlUNHNTbElFdGJ2eU5ia2xXVDhGdU1NeWtqU2hPVUtxaTYzOG5uV0dVa1pEQjFkSEp6QQ?oc=5","76","0.3","","100","0.3","","36","0.3",""
"Wells Fargo","Financial Services","78","Tier 2","33","yes","2026-07-01","82","0.3","","91","0.75","https://news.google.com/rss/articles/CBMijAFBVV95cUxOeDFDOWRhR0FTMVhQSDNTUGtoX1NiVEVNNWZUeVBrcHA5alpwY3pzNXRzbWRkd01zZlVXME9selVIdG5JYUg1d1NkUVlHTlE2TktzOUNJV2dBSko3TTlFRk5rNzV6OWtJMDhYZVJfUmJSMjJFQ1FQRjljLWhzSWZyNlB0YmNpWjZoeFk5aw?oc=5","78","0.3","","72","0.3","","46","0.3",""
"Capital One","Financial Services","78","Tier 2","32","yes","2026-07-01","88","0.3","","99","0.75","https://news.google.com/rss/articles/CBMiogFBVV95cUxQYW5fcGNuUmhqeDE1NElDeUdadGxJcXZwTGhGdUh1ZU9SOVRyeE90YXpHcFJCajJfclQtaktCTTNTVFdkQ29ibzBTTmo3WGRrOFl1TGpaVFhXb1ZmcnZuQWxvQXk0bmJVV09iSHlHdUR4U3ZLREplTWQ3Snd5SDVNOEcwZURlMkt3d1g5cDluZEJZOUZreHFrN29Db3VwRGV6eGc?oc=5","82","0.3","","47","0.3","","54","0.3",""
"Charles Schwab","Financial Services","78","Tier 2","31","yes","2026-07-01","82","0.3","","91","0.75","https://news.google.com/rss/articles/CBMikgFBVV95cUxOZTNsVW96LVFId3VOa1Flc1hNbV96ZG9HcVR6MXpYNnZsRGRyNHkyR2N4M1JHdVdRLUxTN293bjlwWG1peDVzQk1jSXQwYWE0dklMaHZ6bWpZMU14T0ttX3F1Ni1GdlFFZFlHblU0UTRMS2ZzN1QtclM5ZmpNdWhVXzM0a1BZVDgycWVBNEtjNDhvUQ?oc=5","78","0.3","","72","0.3","","46","0.3",""
"Fiserv","Financial Services","78","Tier 2","33","yes","2026-07-01","78","0.3","","85","0.75","https://news.google.com/rss/articles/CBMilgFBVV95cUxOVnBvcVFwOThON2M3VUR0RTJsbWFMVWwzc0pmZ2tMS3NJRGNYQTNIbWJUMDd0bUtVZGoxbGZJOGJHTmRBREtNTXJVbmp3YVB0bUxwVDN5WFNsZlI5azdqclVCWm5MZ0EtUTJwMjBZUjF6TkZ2Si1RM2lROEg4b0hFN3RwbFdnaWdaWjBMcGVfQWFzaDdQYlE?oc=5","84","0.3","","80","0.3","","44","0.3",""
"Global Payments","Financial Services","78","Tier 2","32","yes","2026-07-01","78","0.3","","85","0.75","https://news.google.com/rss/articles/CBMi1AFBVV95cUxPQm02cmFZa1FhT2ZFMGlTLWFrUjBObzNzS2hYQ2haQlU4VTRaSXo3Z09GZUYzWmI4REVQOHMxYW1GZ2dzbzhPNmZZbWt6OHZ6VTVHazVrRm1UNEEtZVRvVzN1a0JuWFI2M285a3hmYlE0Xy1IeVJaTmNvNUMySE9hRjN4TEttazZkM2Zjc0s3RURzdXBNaE1OeEJCTF9PaHlZTTZKamduQjZzcm5sbEs3R1RRLWZpNlBUbWVjSGEtMnJpb3F6bDFlV1c0T2h5MkJ0TjhMcQ?oc=5","84","0.3","","80","0.3","","44","0.3",""
"AbbVie","Healthcare","78","Tier 2","33","yes","2026-07-01","70","0.3","","89","0.75","https://news.google.com/rss/articles/CBMi2AFBVV95cUxQQVBucGZtcHlPUzFaOTlLWTM1S0ZsWnR4amV4Y3hlbk9manN1LURGcXItTkpXMnBpSER0MVFvZmdNNEF5OFJKZk1ScHh5SFBCTVZZeTdsdkoySURrMUI2T3gzVEozalZRZGhPUWVQY2pKbDhyMk5tVWJWUHN6czY2SlJaTjAzdHFLUGlDYUllZjJoVUNrZGNmbk5fMUJpRGUzNGlBZUdtbzA0aDdMVEdSMkdIS0h3cHVId3RJd1FkamRlOGUxOTY2Mi1BOFdPUDhGT3hPT0tqSWk?oc=5","74","0.3","","94","0.3","","46","0.3",""
"Bristol Myers Squibb","Healthcare","78","Tier 2","33","yes","2026-07-01","70","0.3","","89","0.75","https://news.google.com/rss/articles/CBMikwFBVV95cUxPdG5YSWd1SFBSUmdKd1E2SUpfQ0QycGcxV3RpWVAxMHlrNzRkd0M1MEh4UXVENVNxYmY4WFNxSU9QSjJZbnU4SnBIWDZCcl9nUEhzUGQzRlNIWWdHQzdTbHBocjVJc3BIWWYzdllWcGNGdEJRNG5VV0djVEhGODhvVkREbkt2WEU0WHZrQ0p3VWNYZFk?oc=5","74","0.3","","94","0.3","","46","0.3",""
"Regeneron","Healthcare","78","Tier 2","33","yes","2026-07-01","78","0.3","","88","0.75","https://news.google.com/rss/articles/CBMiowFBVV95cUxPcEFMLXh0SlZzWkdHV1RaM3I5b2kxeF9Ub3k5XzNKSm1sd2JzaHhxemtmSFNucmkta2hfYVVzXzZxSGUtWkpJYUZmZHpTNWRqTzJHWE45dkpHZDk2N3lMcjlzcTdmZ0VmX0Q5Z3dSUlBmVlNrMmU1Y2MyamhUTkNCQjZPUHQwWWgxNGppcWVVS0xSbU5sUFFhZndhVXdLTmN4dW9n?oc=5","78","0.3","","82","0.3","","50","0.3",""
"Coca-Cola","Retail & Consumer","78","Tier 2","33","yes","2026-07-01","72","0.3","","83","0.75","https://news.google.com/rss/articles/CBMikAFBVV95cUxQb3hHNlNvOVBpVnVRTzdnRUNUQUtwUUJBNDhNMWxzQm8zdHlfNWJIUHFCYzZJY0hpdlRldTNFaWtIUlV5NWJiNENxaklwdHRneEdmQXUwUWJ3a2lsSnZNcmdYRUFRYV8zTkozS2pITDAxczd5WFN6aW53WjlYUEFWUzZLY2M4QXFhN1Q0clZwWDE?oc=5","76","0.3","","100","0.3","","36","0.3",""
"Comcast (NBCUniversal)","Media & Entertainment","78","Tier 2","33","yes","2026-07-01","80","0.3","","77","0.75","https://news.google.com/rss/articles/CBMijAFBVV95cUxOM3p0UmZDM05Ja2phR215T3FUdHZTRjd0WXByYWFFREF1YnZpaEI3NUg2SXVXLTVSX1dDeFc5Q0lYdUsxRXp4SW1VcnYwM0didkk5UnpxZHVMNHhNMW9iamtDUFBLU0JNTFNDajFrSHBoSEthM1puWllZRGdnLTRiT0VpX1NxMFZROHg0VA?oc=5","86","0.3","","84","0.3","","44","0.3",""
"Aon","Financial Services","77","Tier 2","33","yes","2026-07-01","74","0.3","","85","0.75","https://news.google.com/rss/articles/CBMi2AFBVV95cUxQTkZrbDM0d2VLWUc2MHEzejJfVVpyT2FGNEZ0OXVNSS1SRWF2SzdsNWlqRUF3enlybFhvRnZBaDFidGFiaDNYempSbWNiaHdVWm5tQlUtakVxSXdWQ0M0NjNTcllXb2Rmb2dENkVFb0FaTTlrWUhvbnV4eEZ5V1BfZ1lGUTN4dnd1cHVFcnU5SVpqWlJqZEhqSVFmZXdIeGNxRjhUcmx2M3lpbUYyQTFWX1RVWkNZeTZ2TWhkR203WHpkU1NnVm5TUTNBVC02UFhHRWJKcko0OEg?oc=5","78","0.3","","88","0.3","","38","0.3",""
"Toyota (Americas)","Manufacturing & Industrial","77","Tier 2","19","yes","2026-07-01","80","0.3","","78","0.3","","76","0.3","","88","0.3","","50","0.3",""
"Emerson Electric","Manufacturing & Industrial","77","Tier 2","33","yes","2026-07-01","70","0.3","","87","0.75","https://news.google.com/rss/articles/CBMiowFBVV95cUxQRDhLUFpJRVBmbHlYVy1tSzAxbDVkTXZRLVlPclZVVFVNTjF4SEJTeFU4SHR5VnNxYWN0OER3eTdDUTB6V001c0V4S3BJY1M5Z1ZfYTBWaXdjR0gxZW9xNDBJZFczeW5iSktJbG5INHR6MF9mWDAyY2ZGY19sNEk0aEE4bWdPUXRDZFhCWUEwNzBNRGxLMVZOd1lmZTE0dVJJM2lN?oc=5","72","0.3","","96","0.3","","44","0.3",""
"Infosys (Americas)","Professional Services","77","Tier 2","24","yes","2026-07-01","82","0.3","","67","0.75","https://news.google.com/rss/articles/CBMiuAFBVV95cUxOMExIc3VZdHBFQlc0c2NiRkpIbE1oN3hUOXNERDFLekZpSFpLRjUxY0FGUldmLWtiRk9EcFBIbnlDLUd5TnhpZjVGR05hUkNjelhRSzVqMkc5VHM3S3ZFMjB1eGtGbUdPbWlPUjNaNGRhS2ltRmsyTXJmZkhyN2E0V1VlNXlTdzZSQy1JZm9tRnBfU0I0ZW5kTXVnZlBPUDBCM1hRaUxUQlF4SWdYamwyT3lRS0sxUFlR?oc=5","84","0.3","","94","0.3","","42","0.3",""
"UnitedHealth Group","Healthcare","76","Tier 2","33","no","2026-07-01","82","0.3","","95","0.75","https://news.google.com/rss/articles/CBMiigFBVV95cUxQbXpudGdhV0tQZGhqWGJBWE1Fa1RYUlMtbnVEUFpPaXIxdktxNmxxV3dhd2wtbVZOY2xHa1BXT3F1WDBxVlNIbjkyZjFRbWo3eGhJZTNaZ1Z5ZzZiZjdyb0RITmFJTWJ5ZjdVS3NfeVZ2enViVzREUlVlSlNaTEFpdHlkY3RTM0RrZGc?oc=5","80","0.3","","52","0.3","","58","0.3",""
"Stellantis","Manufacturing & Industrial","76","Tier 2","33","no","2026-07-01","72","0.3","","85","0.75","https://news.google.com/rss/articles/CBMikwFBVV95cUxQQm9XZXo1b2lJYlB5TGtfQkU2T2EyZTRseUUzaTFJdU5hOEotZ2FxOThpQnlyd2VNbERUbFNYTjhTa2U3Mm92ZFFvekZpLURtcWUxRFVRNWxCb2RJY3U5NkE2NTBxUW9fZC05c3hHNXVvUFJDREc2WlU2Xzh0QmlCZGFWT0JhbW4wdW9fSFpBTDJyUWM?oc=5","72","0.3","","88","0.3","","46","0.3",""
"Cummins","Manufacturing & Industrial","76","Tier 2","33","no","2026-07-01","72","0.3","","85","0.75","https://news.google.com/rss/articles/CBMixwFBVV95cUxQc0VWVDJiMWR6MlhCbDkxbS11c0h1Q3pUMDA1YzYxMGVzNXUxTnJLZzBkR2hwZHRWOG5ZRXhUeEc2RzhlWTg5N0drS0NDallOcWxjOXJJUVdocXMxR3N6VEUwSXE4czQwYzJkQmlnRU9YNFNLcnVFdUtMbndYeXBWNDNfVUwyM1dLQ2tJUHZHcldqcExPU0dUemVPS0lMa0o0Wlh2SnoxNVFMamY5UFpaMG5ZZ3B2WUtDUDhxb0w1ejB6TkZvVEZn0gHMAUFVX3lxTFBDeXk3YjNBOUFNWmJ5dUR0SFozYnVzNzdVNjFNcmU0ZUxnQnNIbTR2QUJOZDE5V0lhZTJrTEx0Qk1LbXRVYkxsVXNMU3BEQ085RzJsQ0VhMVljcklkdHQteWo4RFgtWkgzMmoySHJxekJXWTJlSXpaaTVTWU5YRm1kd1Y3cnBFb21EN1FuNmVYMlVQOHhScEtMRVFZVXZ0SUJwekU0ZTc5a3FGZnR2RGJMS0N6WlRDczhQY29PR2l2aWRTbDd1SVYwV1BQNA?oc=5","72","0.3","","88","0.3","","46","0.3",""
"Walmart","Retail & Consumer","76","Tier 2","33","no","2026-07-01","80","0.3","","89","0.75","https://news.google.com/rss/articles/CBMinwFBVV95cUxOcVQ0YmhjVXY4MTFtSVdnT3FXRGFnekpWdzE4TVB6NU5jbzJLdHN6NjhzREFqREg0VlJDaXhyMFdNNDNBMFhuNlVnblFuczZLUVRNNTh3VjByREZtVTY3UWtvWURlbkloUnUtdWR6Y0VMcldYcWllNFFuNFdFMEgxNWZ6S2VtVFhxSVdsRVJQLTJFLVFlT3N1dXpSTDJKNmM?oc=5","82","0.3","","58","0.3","","54","0.3",""
"Electronic Arts","Media & Entertainment","76","Tier 2","32","no","2026-07-01","80","0.3","","69","0.75","https://news.google.com/rss/articles/CBMiY0FVX3lxTE5mVjc2SVdQdF9vc0tXWW1WNklBQXkwWVFhYUl1OTliSmxlTWRXS29wTU9lTGFvbWd6cDhrOWpoMGFkTHJZSERaTk1RdmRTQ2RyMENyRkQ3WEhrOENLc1ZWLTdiNA?oc=5","86","0.3","","84","0.3","","44","0.3",""
"Lockheed Martin","Manufacturing & Industrial","75","Tier 2","32","no","2026-07-01","74","0.3","","85","0.75","https://news.google.com/rss/articles/CBMiigFBVV95cUxNZnV6bjhTOUVsVW5ESnpBZ0xjYzdNSUxrWEVmMV9pd1VPd3V1UG5rM0xJbHpCRUtGTE9hb0MwR2c3RG5IbmhUWmdFbHBndWQ3cWZ3ODA0Y0p3c2RFWHllNThuVTJUN2RNdnVkaUp1R0E5ZkhvNHRDUlpJdjh0ZlYtTTBqODVNS2RhclE?oc=5","72","0.3","","84","0.3","","44","0.3",""
"RTX","Manufacturing & Industrial","75","Tier 2","33","no","2026-07-01","74","0.3","","85","0.75","https://news.google.com/rss/articles/CBMipAFBVV95cUxNS0dpQnpfckJfTGZ4UFdoaFNRUkl0VlhFUDBFdFpMc3hISXBxOXdiUXVHTFFheEtUUGVDdlNNLThWYThMUTRkRUZCYkR2ZEZLSC1jWkVSU3pqRVE5Tnh1U0N1ZGZsS1VvZW95SWxwSnYwMDM3b2d4VWp2RjNKVUFVU0lhT0lrd042ay1aSWtDWjFLTngzaDBySjlPRXM4OVh5RlBrVA?oc=5","72","0.3","","84","0.3","","44","0.3",""
"Northrop Grumman","Manufacturing & Industrial","75","Tier 2","32","no","2026-07-01","74","0.3","","85","0.75","https://news.google.com/rss/articles/CBMiwgFBVV95cUxNQ0p0NGo0c0lVWERtSEw3dExnMjd1OXAwRTR5WXJYRDRLQkVrY1g2LUFfbDlnc2NfUEpMekc5bkJBSlI3MTBTdTM4dnhGR1l2YWlySUJ0U2lXNnhObTE3d3dFTm5mZDAxQnV3aEx5eng1R2F3Q1dId0w3aUw5NG5Fc1JBNXE0QWFSUWl0cFAwQUxycHhIUldORnVmTzFUMVRQTi1GMlRNRnFHdlRLbVVFaG93dGdqbG5DdVJCVmkxUW9kQQ?oc=5","72","0.3","","84","0.3","","44","0.3",""
"GE Aerospace","Manufacturing & Industrial","75","Tier 2","33","no","2026-07-01","74","0.3","","85","0.75","https://news.google.com/rss/articles/CBMiuAFBVV95cUxPc3lscXVhOUM0a3hsLTl1T0M0UHZfNVVPb1hGLVFGVTNPblkzU1B2Q0FRSl9ZQm9FYzlJSVdYTEY3VVNLSlBndUNEX3F5RUVTclVxRlFZM0o3UTk4YTlwa05NM0NuaWJ6dnRhbE1RTV9zbU9lTnR0SjZwNDJsSldEcXRybkJVYnkyd2ZzYjhLWU1vQ24zU196V0RTUEdUQjhlamIzUG1INzN4MmxqOEUzR1BVNjhlVjNk?oc=5","72","0.3","","84","0.3","","44","0.3",""
"Siemens (Americas)","Manufacturing & Industrial","75","Tier 2","20","no","2026-07-01","76","0.3","","65","0.4","https://news.google.com/rss/articles/CBMi6gFBVV95cUxQRGstc01QQ0hoeGg4WXBIOEJEVkRWQy0zTEpBLUFfRUp5OTBPMG81a0hIRmktRTdCYjJKdVRCNEp4NVlQV1FUUkVieEFZYlF5MWktNVA2bWhkajRCblpIQi12d3FWODlXcnJOMlBzcEI0cTZYLVoySDVVWlk3WUlIQ0EzS1l3ZjhseEdmNjRBazc5UGNJcHdxSVZWb0VIa3JKRlc5Nk02UktiQkNRUWFJTTVZM04xbnItR05OUXhnQWVQVm5UbWl4M1NJZVhaOGV6ZWQ3eTlZMV83OVlBVklmSUEySFBUOU92Nnc?oc=5","76","0.3","","96","0.3","","52","0.3",""
"Warner Bros. Discovery","Media & Entertainment","75","Tier 2","32","no","2026-07-01","72","0.3","","81","0.75","https://news.google.com/rss/articles/CBMirAFBVV95cUxPYUJzSkQxS2Z2YkFaRU01dkxmNER1ajFJZUcyOG9XMmpYMGF2RXhqcXdJUm4tUmRhbGlQNjh3d3ZkbWZoNUtsaWJmdlFRLUNpUWw5RVBRbW10UUFnM25CVGtPQTFCS25Ial9tS2NJTVN6M09BRGpBNkdna1UweVVSejl6ZkFwcUNPWlA2bFBmQkJoOU1oZU1HUDN1X0R6S2Ytci02WHFBWE5BVlc2?oc=5","82","0.3","","84","0.3","","40","0.3",""
"Paramount","Media & Entertainment","75","Tier 2","33","no","2026-07-01","72","0.3","","81","0.75","https://news.google.com/rss/articles/CBMirgFBVV95cUxNMUxscVJhNEIzb0JiMnZUa3VicGRkZ2laMG5mWVRYRGpVcTVQYWxweGUtLUhyaDNaYWhCUVdJcGRCY1lDSFQ1VzUxOFJhNlpkN001ekhvVVg0MUJEeGNVc0VOMUExNElBZTFTUzFIMzEzM1MxNDQ2V1ZDQmJIczUwRUpyVFlobkxYWklkaHhSTWZ0Q1dPbE96U3JfWUZRTmJiWi1IZzdTMFZnS1pwamc?oc=5","82","0.3","","84","0.3","","40","0.3",""
"UPS","Logistics & Transportation","75","Tier 2","33","no","2026-07-01","72","0.3","","81","0.75","https://news.google.com/rss/articles/CBMirAFBVV95cUxPZS1kamMxd2hITlFHaGlLQ0Y1eThtSkp6MUJoSlpENVR4amhtRkN4R18ycHBpTXdaZkJ1Sy1MbVdfczRoMHJYTzhoc0RlaTJqNXQzZmJqeWpWQ2tQQ0h2X0Y2VHRjcnNhSnBuQWlqX1M5bkJ6Q1BwMXZhSzJYanN6QUc2STFxZ1A1dUh2UUJBY3ZjTnlpSHdmZld5NFc4N2lQOE91REs5X1RIdWFt?oc=5","76","0.3","","84","0.3","","44","0.3",""
"FedEx","Logistics & Transportation","75","Tier 2","33","no","2026-07-01","72","0.3","","81","0.75","https://news.google.com/rss/articles/CBMi1AFBVV95cUxQTGN0emtwaHFFY3VyYzBfSnRnWVdhZmFaZDB5LVNxOTNWTzZ1a0FwdmRONXByY1NhQ2tveHI5OXk3U3ljUENMQWV5a3hOQlhoYXFjc1BsV3c1NXl6bGZZcVpib0ZTSHRPNmxFMXM1NnpaY2xUMmJ2dVoyWGUyR0NQTHhyb2FsQnkyUVMxYm1xUXY0a0J3SDJ3dnlQLXVwaVZsWkozUXJURlV4TTQyNF9pVm5NbDl0MjBPV0N5NnJwZ2ZETlhEdkltckJ0TXF5UW92bmVqUQ?oc=5","76","0.3","","84","0.3","","44","0.3",""
"Gilead Sciences","Healthcare","74","Tier 2","33","no","2026-07-01","70","0.3","","75","0.75","https://news.google.com/rss/articles/CBMifkFVX3lxTE8zcERvN2pYTG1XckdBNlJnYVZuazgxM0hTVnNnMTNoZllCcWxKb3EyLWlzZGJOOEgwX1Q4X2xVeXdadnFJMjh4TmVhMnJwLWtIS2g4MmktSXI0akZmUmpzV0FfX2dVNl83YkNoVHFxUmxlVGxDYldqODZvY2pIQQ?oc=5","74","0.3","","94","0.3","","46","0.3",""
"Abbott Laboratories","Healthcare","74","Tier 2","33","no","2026-07-01","76","0.3","","87","0.75","https://news.google.com/rss/articles/CBMipAFBVV95cUxPN21id3BDckZyYWZEbldYaG8zd1lSampsWVVmNWUtMnFlYWVxY1VPQmtWeUZTYnc3WUFrZ1RBWHlEWlZDYkNsTHhxR21LRHBweUNLeHVnYV84dTU2RDVuQzBFOUVYcV9jN0pYM0NOUXNFMF83ZEJvZjZXVVBfUTNBT2FtTlpKUVlaOHU4Z1B6UWo4czV4bWVJV0VqM2p5bnhNMllQcQ?oc=5","76","0.3","","64","0.3","","50","0.3",""
"Rivian","Manufacturing & Industrial","74","Tier 2","33","no","2026-07-01","80","0.3","","93","0.75","https://news.google.com/rss/articles/CBMieEFVX3lxTE1HMEhJUHRQaVR4eGJxcmE2WGtiRFg3V0FoUkVCRkFRU2pQaDJJZzlHTUpSeFgxVmU0ZjI5dEZseVV5VFl3bm9LMU5QbHZjaURNVW8xbjJ6UHlnWGt6MU1iVldTUGxIUldfZUM0ZXU4Mk5CYzJUaURQQg?oc=5","76","0.3","","51","0.3","","50","0.3",""
"U.S. Bancorp","Financial Services","73","Tier 2","33","no","2026-07-01","74","0.3","","83","0.75","https://news.google.com/rss/articles/CBMixgFBVV95cUxQbXVDWVV4THRiUHRvMFMxQkRiUEpob3lVS3NoY1dIT0JZRTNhYWpSQ3pNY1NOQzA5RjljelFfSFcyMm9oYnZ0VDJoMEZtMllweS16bjJmRDcwWjBkMWZXazRPYUV3cUl6TnNjV1JqTmFVWDRzQl8wYnlUZlZJb1hwTzNNMTg2Vk1FSVAxc3ZPUHN1eVhaX1FIbldacDZGd3I4S2ExRGRSWXRGM3I5UjJsYnBHLUZ3bi02a1N2Z1RQUGNDdW54S3fSAcYBQVVfeXFMUG11Q1lVeEx0YlB0bzBTMUJEYlBKaG95VUtzaGNXSE9CWUUzYWFqUkN6TWNTTkMwOUY5Y3pRX0hXMjJvaGJ2dFQyaDBGbTJZcHktem4yZkQ3MFowZDFmV2s0T2FFd3FJek5zY1dSak5hVVg0c0JfMGJ5VGZWSW9YcE8zTTE4NlZNRUlQMXN2T1BzdXlYWl9RSG5XWnA2RndyOEthMURkUll0RjNyOVIybGJwRy1Gd24tNmtTdmdUUFBjQ3VueEt3?oc=5","74","0.3","","72","0.3","","42","0.3",""
"Estee Lauder","Retail & Consumer","73","Tier 2","33","no","2026-07-01","64","0.3","","79","0.75","https://news.google.com/rss/articles/CBMikgFBVV95cUxOcHhQXzFiQzJRQjJSLVFFOFdVNWNOcUJRNW10RkJkanRrN0l5VEIxR0JBUURHMUhyLVYyeFhiMVhtbmJOOGpQVDVqZnlGZjJhOXV5Z21aellGMVhXSFd6R241LURyLV91a2s3aV81eWhKeEp3Y083MFJJTC1XT0JQRExWck9HODBsNC1ESE9jUHhHQQ?oc=5","72","0.3","","100","0.3","","32","0.3",""
"Berkshire Hathaway","Financial Services","72","Tier 2","33","no","2026-07-01","66","0.3","","77","0.75","https://news.google.com/rss/articles/CBMilAFBVV95cUxPbHFtdUtQQkxjVi1NbE81eDE0R3RMcGs4dTZpZkRaS1hYQkFaT3k4ZTI4QndDOWVUZkh0NHctV2Y1NlV6VnFJQjR5N2hEcTJUQXJ0VjNBQ1JJa09xblVHc3oya1lSc3lDOUFGRkpfaVA4RVg2MkdlX0FKVHNCdTVBZDltUWdtVVdIeDlFNGhDRVBIQVp5?oc=5","74","0.3","","88","0.3","","34","0.3",""
"MetLife","Financial Services","72","Tier 2","31","no","2026-07-01","66","0.3","","77","0.75","https://news.google.com/rss/articles/CBMi0wFBVV95cUxQaWM1cm9WY1BPNUtqRDRHME1vM1ZaYXl3bXRLNXdHRUZpTUVnOFFnc0JqWW50NTBMTnNLV2hydy10RUZES0szd1dXdWtPU3A4VVU1SFhUVmlnQklhc0oxNXRITWlCOUdwRW5ZcW54aWZqOW80RVBRMEp5aDY3elkyZ0l0MVZBeFdmNF9yNk5OZkJ2dEhYVUp3R01nbF92Vm5Vamo1NDVUN3lZbU82RDByalI0MGFINWs5Y0duTTVWUDNvWEJRSldBMGdlMHVORkpUazA0?oc=5","74","0.3","","88","0.3","","34","0.3",""
"Marsh McLennan","Financial Services","72","Tier 2","27","no","2026-07-01","74","0.3","","64","0.75","https://news.google.com/rss/articles/CBMid0FVX3lxTE5sS3NQOW1JN2p6elc5ZXNoa2YwUFBCQ0d4Sl9YTzlBZGw1UVNuSVIzSDlFR1hPSVQxN1VFUktjMVVHdGxxWnloaDMyT3drRzVmdXJlMnZqSDBoWDNjLVZuaV9QTTZsU3VCV2dPd2kwVm4yN2VGbGRJ?oc=5","78","0.3","","88","0.3","","38","0.3",""
"Medtronic","Healthcare","72","Tier 2","32","no","2026-07-01","76","0.3","","79","0.75","https://news.google.com/rss/articles/CBMiowFBVV95cUxQNm12V2lqdEVYbGtuU3gwSTBYUmpmendzcU02RVl6REZVWEpYY0RfOVhMZ1piTzhRTzZMZktDeWE4c3NzenNFNl9VQndIc0pKVTAxU1pKSGNJVWhFUlRlVEpQY2lrcHl6NGVJdENESFFvSjRDdHdPUkpFcVhhRU1HZkpQQzVwRFl0N2tGazVYbDQzNXpaYlNKa1lSWk1Wb0o5MG9n?oc=5","76","0.3","","64","0.3","","50","0.3",""
"Caterpillar","Manufacturing & Industrial","72","Tier 2","33","no","2026-07-01","62","0.3","","79","0.75","https://news.google.com/rss/articles/CBMiqAFBVV95cUxOcnl6cXZ3b0cxZEJFTFJSNW9ySGpXalVsZldLbGJzQmF0aWRDQXNIdWd1V2l5Mk9rdVVjcnFUNVdwUE80bEhKLWs3T0k3VkJuemxyc2c3TTJ5bWlicDQyeFI0R09GcmNzVU5yQUFBbWR5aTFuM0lqTjdhUWR0ZE1hRVBsVV95LXFsMTJwZndHcjdkTThXS3JrSTh3WVhJVk9TVHFNT2h0UWLSAa4BQVVfeXFMUExNcjJHZDZQbHVuUllfdnhqUl9wZUQyejNJWTVaS0VZeWw1LXBFbGU3aXVSU0ZxM1lqUG9nLTYtZjFKbF8zT1NadHo0YnRwcnM4cFpLaEhfLU5SQ0ZNeXBFajM0aVN0M3I0eUFDNTdkZV9SaWx5NHZXODM5NV9lazlvQWxnR0R1a2d3X2VVWWQ4WWs3U1NTMmZ4TFRfUC1vRXl5X1pHNkVycFlDc2ln?oc=5","68","0.3","","96","0.3","","40","0.3",""
"3M","Manufacturing & Industrial","72","Tier 2","33","no","2026-07-01","62","0.3","","79","0.75","https://news.google.com/rss/articles/CBMifEFVX3lxTE95SWVrNXkwenk2YVIyRXpUSWphSmpOSmtVbWVQeUdTTmJxU1ZoV2lITWl6UXhWUnJ3OXBWMThEYTN0YWI3SmJNa1I3TzVmNHUxLVlnMzZQS2o3NHB5T0dKY3NzMGNkVUFzQm9wRm1EYXF2b1JTRFdXNjVTVF8?oc=5","68","0.3","","96","0.3","","40","0.3",""
"Illinois Tool Works","Manufacturing & Industrial","72","Tier 2","33","no","2026-07-01","62","0.3","","79","0.75","https://news.google.com/rss/articles/CBMiwwFBVV95cUxQVlhaaURfOUUxbkVla0RBblMzbzE3a2xjQUR4ZUV2RF9POUFiME9YcnRocUprRktqZXVZNzNwbEl4LU4zdW5iaUllZnhDNW5udHQ2RFNMUXBvZ3BMbS1Hbkx6ckpHT0VWUGg5dWNyVWhXZGFIUFNLUmVLTV82LWIyVFhCdGxtUGZtdU9qMEVvTmx6STBXREdPNjdnQWtXUGZQQWN2bHM0clh5X3V6UV90RS1vbnNQZWFLUGE1X2pGb0xTRUU?oc=5","68","0.3","","96","0.3","","40","0.3",""
"Dow","Manufacturing & Industrial","72","Tier 2","33","no","2026-07-01","62","0.3","","79","0.75","https://news.google.com/rss/articles/CBMiigFBVV95cUxOMFB2VVZhbW9mRXZYMUVVaG1BZmlLUjUxcnpxbU5nMThoU2hkYTFQN24wMmtJcVluWTNaVllGZk5nUWRsdW5DdUNXTDJkRXo5TUdEdVpxUHpidXA3Nzd2clhPQURQTUZ2TjFwSWFkT3oxR2Y4ZUthR3Z1bDlUU0dlZFNzZ2NkMVlEVmc?oc=5","68","0.3","","96","0.3","","40","0.3",""
"Schlumberger","Energy & Utilities","72","Tier 2","31","no","2026-07-01","68","0.3","","74","0.75","https://news.google.com/rss/articles/CBMikgFBVV95cUxPVXVPQVlIR1E2ck42RVhSSjR5aFg2RzRIMHJlQ1dzdjNVcTlWX3BnM3BKRXpNRktjQnJ6N2NZRnpiUFhHbXdObWRzcXFITnBfUW5Yb2liSG96MUVJRXdMaXdIU1pIVWR1ODV5WlhvbUQzVkVLMzdrYXMzMUtrTEFhQllxRzVrNG5XUUpTTE9XajVKd9IBlwFBVV95cUxOVzVTZjRubVppWE1GSk5lQzQ0LWdOcjdHQldHSllpMGN3LUJwb01LeEl3cnhQNFJ6WkRCNHlUSDdsY2JYZFpEQXMxVGRVVGRDYU1vZXhackMxeEFUNGRpeXFkZGVQSVFIVmRvOTBVRjY0OVdxWDZ3SFVZbmRaOXczdGcwc2JDZHZwZkpzcGdpLVUwU1pqV0pJ?oc=5","70","0.3","","92","0.3","","44","0.3",""
"Prudential Financial","Financial Services","71","Tier 2","32","no","2026-07-01","66","0.3","","76","0.75","https://news.google.com/rss/articles/CBMi2wFBVV95cUxQTzRQWWNYdjBmRDBHZ0E5ckFDYTQxMVUzU2JXYkY2VVJELVd0b1REbTB4UG1FMnhmdGJna1d5amM5Q3pqejRYdnRBVFc3U0c0UWJUMUdvaWViM0QtS2hhMFJ3YWFpMzBRWjZKVTJCNVFaRkpYYmY3M1hHRVpMNXRQTVV4bWNKLUFHOElwSFNKc2pZSGVoa2lTaURBcnFXbmxlaHNYdHpMX3pjVVpiTE51bDlLY0t6ZDIzTEVVSU5iQkp3NEFZdnNZMXRpa2dMWE1LcU1VRVpDaTJrdGM?oc=5","74","0.3","","88","0.3","","34","0.3",""
"AIG","Financial Services","71","Tier 2","32","no","2026-07-01","66","0.3","","75","0.75","https://news.google.com/rss/articles/CBMisgFBVV95cUxOWEVDRGtLeS1sWHdaZ2RjR1NpN21IMEdHNF9VSW13LTFmeFd3YjJUX0R6RXY3RnBHZ2J1QlM3b1hZVmxfeV9xNWIxdWhWVENGeXRuZ1BaNE1DN01yNS1kcWhuX01JTTBCZWl1ZTNvdWN1MmxmYzRHUjJHWjI4MUEyME9CMTMyOXA1UlNNY3VpQm16OGhPM1M0bWFlTW5EUzA2Rm8xQUlDUkJKaXRTU1B1S2Jn?oc=5","74","0.3","","88","0.3","","34","0.3",""
"Unilever (Americas)","Retail & Consumer","71","Tier 2","20","no","2026-07-01","72","0.3","","57","0.4","https://news.google.com/rss/articles/CBMinAFBVV95cUxQNkNxUUVsMk9uY3BzMXA1OFcwWVBxcVJaOG1XdEdEZ1NRSjZTcm9HNzhCVGpDYVdtS0E3TzNyLU1lOTRBeEFrY3k2TE5ZdVE3WjJ4WFZtdXp4Vm42SWl4YUlfbXZHZ3hlQkJ3QmYxNEI1YllEd1UzLURQU2t5cVVaYl80dnk3eC1Vb3BjWHRjYWR4Z0Z0bENsWU5MWmg?oc=5","76","0.3","","100","0.3","","36","0.3",""
"Kraft Heinz","Retail & Consumer","71","Tier 2","33","no","2026-07-01","64","0.3","","71","0.75","https://news.google.com/rss/articles/CBMihgFBVV95cUxQZWhBazctNXdjWU5LRnc3R01acnotNXNBZEI3cHNRdnhYVjNfTUx1M0Nvak92M3JPWklQaUpDZkFCY3VvbDkxNDBDVjM2ZlNEV0xld2xST2tfeEZOY3NEN0VLVC1rT1ZPeXhJN0NSbTFyZk9fYjFZNHZXSVVRX1ZDV09GdDBsUQ?oc=5","72","0.3","","100","0.3","","32","0.3",""
"General Mills","Retail & Consumer","71","Tier 2","33","no","2026-07-01","64","0.3","","70","0.75","https://news.google.com/rss/articles/CBMifkFVX3lxTFBhRmhqMjRvVU93ajZ3OUFoR1dtSWJYcEhuUlJhMm1WQWRmaVdqaXBxZG1RcEpwS3o1bmtXamo0aHZVcmpqNjJTZjkyX3pmTF9HRWpzdnJQelJVelNUa2ctdGFEc2hPZDNzaFN4UG9CWXd5aUhub2ZZX0VjWnV4dw?oc=5","72","0.3","","100","0.3","","32","0.3",""
"Chubb","Financial Services","70","Tier 2","30","no","2026-07-01","66","0.3","","70","0.75","https://news.google.com/rss/articles/CBMi4gFBVV95cUxNRnRsV2IyWXoxS0hsdHhHQm1EWUxLM21tQXBTdW9aaWZ1aW1oQmRjMEE0OHRhRUxJUUF5TXc1ajNxellDWXFMcWtxUTRZLS0wSDdrdXFsY2VQUjhmeVJLM0pBaEhJbWdwMm1ORVozenl4bkhSNXp3Nk9FSFJHOHVLMFhURHJFVTFtaG1fWmUwUmVZRjV5ajJud3BmenItTzNtYjBUZGxEREtlNWRuWjE1Y1JJOVRWMTJ5Si1PWWtBSXlsdUh2WkFEOHp4U0xRMXpKNDFWelN0bEZjeTdjRUtLaEFR?oc=5","74","0.3","","88","0.3","","34","0.3",""
"Stryker","Healthcare","70","Tier 2","32","no","2026-07-01","76","0.3","","70","0.75","https://news.google.com/rss/articles/CBMikwFBVV95cUxOYlJ3RWNCQW41NEozWV9YdzFwTHVlZFNSNXpYVjZ4VVBEcjhIT3o1S1NCdFFqbmdzbDdJM0ZfX0MtYS1fcVBrem9aelAxdy1QOHBtSXpYbV8wRFdMZG80TDM5Mml6dDVXQ29XUUI3dFFiV016Tkh0ODF2Q3czRGI1eHFoYVRwSERhTWUtci1JMEZsQlE?oc=5","76","0.3","","64","0.3","","50","0.3",""
"Boeing","Manufacturing & Industrial","70","Tier 2","32","no","2026-07-01","66","0.3","","77","0.75","https://news.google.com/rss/articles/CBMipgFBVV95cUxNUmhmdUxyMHhhNWgxSFNiRnpfTTF5YUMtRFg4T2p5aHZSak5hUGhMMXE5YkJGLXlvODNmYldlZVIwRjU4R3ZwMEVINTUtQ1FuM0RKNWtCME1qdjgyZGFPZklPeHlxRzZfRzJJNXpUdVN2N2xRd3hkWkNQWWFweWZjWWVOS3VDM2t6bVNTSnhZSDRXTzU3azd2R29wY2VJa0JocktqTlln?oc=5","68","0.3","","84","0.3","","40","0.3",""
"PNC Financial","Financial Services","69","Tier 2","33","no","2026-07-01","74","0.3","","70","0.75","https://news.google.com/rss/articles/CBMiqAFBVV95cUxPbFFlckVMclIxQjJRcmxOVjl5amswQzRVWkhJOUNoZVZya3FzQllDYVBjQVNCWlNxY21CdkZHaGZpaUdCcGFSclZ6Q0F0MUJlQl9hYkhnWXVVaXhaNzZ3NmxjcUFBSGxpUHRvZUtCdkt5b1VYYmV3TWt4MjByQ0VGakpJZ3ZsVnR0NWt2VWQ3TnFLM25WeTVFUy1qa24tY2t6T0U2aTVZMWbSAagBQVVfeXFMT2xRZXJFTHJSMUIyUXJsTlY5eWprMEM0VVpISTlDaGVWcmtxc0JZQ2FQY0FTQlpTcWNtQnZGR2hmaWlHQnBhUnJWekNBdDFCZUJfYWJIZ1l1VWl4Wjc2dzZsY3FBQUhsaVB0b2VLQnZLeW9VWGJld01reDIwckNFRmpKSWd2bFZ0dDVrdlVkN05xSzNuVnk1RVMtamtuLWNrek9FNmk1WTFm?oc=5","74","0.3","","72","0.3","","42","0.3",""
"Progressive","Financial Services","69","Tier 2","33","no","2026-07-01","74","0.3","","85","0.75","https://news.google.com/rss/articles/CBMiqwFBVV95cUxQUndxN21tM1o3Ti1tUWpaSGFtaHFkRlNMQUc5cEhxSnp0UDVSLTBFZXR5UUFKZm1pT1pfOXMwd0lpMzdpTElWM3hDbndzUjBzZDNPLVRUaUNtenJzdm1zaktmRGZVaGhxemZ3aUVHMW00eWxvNEQ3THBhelp5ZW1seGdfRG9HcWh6VzlqUWdQNHNwd1pSOVZBY1NJZWY2SWI4VFFjaFo0TEJFcFHSAasBQVVfeXFMUFJ3cTdtbTNaN04tbVFqWkhhbWhxZEZTTEFHOXBIcUp6dFA1Ui0wRWV0eVFBSmZtaU9aXzlzMHdJaTM3aUxJVjN4Q253c1Iwc2QzTy1UVGlDbXpyc3Ztc2pLZkRmVWhocXpmd2lFRzFtNHlsbzREN0xwYXpaeWVtbHhnX0RvR3Foelc5alFnUDRzcHdaUjlWQWNTSWVmNkliOFRRY2haNExCRXBR?oc=5","78","0.3","","51","0.3","","38","0.3",""
"Parker Hannifin","Manufacturing & Industrial","69","Tier 2","33","no","2026-07-01","62","0.3","","68","0.75","https://news.google.com/rss/articles/CBMi5AFBVV95cUxORVNtWTdJQ2Z5UndNVW9XLXhIX3RNaVd4QUlneF95UjJRcFFhdklublR4WFNua3E5TFpaTUx3dDBIcHdKWDRVRF9OY1paWUxCOHdwUzA4NkpobEhtQVVSbThoS05XS2dOWWtjR3pRM0JrdXFjeUhLWnJlcHBWTlNIQmh0UG5mMXdYZVpFMlB1eUpheXVkd1pNTUdTak4wMmFoRXExbW5HX1BtdHBnQU1Wamp3dkp0SlZXTjlNNXNwdFltUFpSUGJJWU84Z1NqNUlwcDdVVWJ2NGpRSWZpLXVhNnZWZXg?oc=5","68","0.3","","96","0.3","","40","0.3",""
"Chevron","Energy & Utilities","69","Tier 2","33","no","2026-07-01","60","0.3","","75","0.75","https://news.google.com/rss/articles/CBMigAFBVV95cUxPaGhzeFNMWDYwc1ozWFZqV2JsYVRSQm9OZmVVOHFXTzRYZ1RtN3RERWV3c2ZlR2lKNVJPRUYzNDY3REJpRUNxUnpfSGotRjFSXzdTRGpsM2NiTGZtUmk1TFYxbzNjSDRZb3VIN3FBRHB6WW5IV3YtQXE0QnVHN2hUSA?oc=5","66","0.3","","92","0.3","","40","0.3",""
"ConocoPhillips","Energy & Utilities","69","Tier 2","32","no","2026-07-01","60","0.3","","75","0.75","https://news.google.com/rss/articles/CBMiqgFBVV95cUxPckRWQW1HRUJYUnd1bDVaNVZxZWxlUW5YUnhBRWZuNWN3WnVTdWpOOFROOWhzaXdWV1pVZEpBZFJ2WGV4MlZLTEZZLUFHV2pIb2NodUpyYnA3YnZQcHRTa0lHMGxHbzZaYVhZd3NNYVgzMXctZTA4UVFUa19RT0gtMUxqMTBNcXpSNmJSQnNfeU1QOE44N2FKQnVrNUlyeDF4Y01LRXdxN0UwZw?oc=5","66","0.3","","92","0.3","","40","0.3",""
"Phillips 66","Energy & Utilities","69","Tier 2","32","no","2026-07-01","60","0.3","","75","0.75","https://news.google.com/rss/articles/CBMidkFVX3lxTE9heS1DVkxWS3dHc0tpRnlVc2J0ZllqcGpOcndBZENESDdIQ1owLUVBckFCNmI1SGEwUVQ0R1NuWWRtOEppeVhkdDQzWlNZdm13RUZqQV9pOTUwbzgzM3V3ZkhlNnBrb2c3WWtHRWNvMk5sMW5sRkE?oc=5","66","0.3","","92","0.3","","40","0.3",""
"United Airlines","Logistics & Transportation","69","Tier 2","31","no","2026-07-01","64","0.3","","73","0.75","https://news.google.com/rss/articles/CBMiugFBVV95cUxOam4xc3lrZHlCTUxmUy1hMGhjVmUzNHlpdkJoOUdLd3Rza1J5bmpCU0JrVG90TGo2blBxMk1teDRqNXlwaHdHcVJLdE5IdkVfZHBMdWl0UGRYVW12YjFNdmRrM3ExWmJfanFmOHYwN043c0dOUXVHVURZcXNTZ1BZVUJybGZaRHptbGpkYm14bnYtNDVTZlZJaGlDMnl5MWE1bEltTTNHQlU4OFR6V3ROTS1KQTg0SnpYN2c?oc=5","72","0.3","","84","0.3","","40","0.3",""
"C.H. Robinson","Logistics & Transportation","69","Tier 2","33","no","2026-07-01","64","0.3","","73","0.75","https://news.google.com/rss/articles/CBMilgFBVV95cUxPLURmby1zcGttZTFfUE1rWEctXzFWczlvMmlCWWNHck1QOTB1RWt2blI2N0lKTGM1TzI0dHk3WXR2ZkpWOVllV1ZVNFpDbXNUYmlCZ2ZHdXUxNUVyQW5HOWhBSkF6d014VUdPdDVZTFA2dV82OVFYV0xwbTBuM3lwVk4yYmZSdEZKMW1rekFCMHNCMmtQd3c?oc=5","72","0.3","","84","0.3","","40","0.3",""
"Truist","Financial Services","68","Tier 2","33","no","2026-07-01","74","0.3","","83","0.75","https://news.google.com/rss/articles/CBMiqAFBVV95cUxNQmZDSS1pb0JvX18tZHZjYk9pVkQ2YWY0VE5IaHhLNlRERmctOThKbk94WkJPOU5oQU42cHFDWVVzV1dBQkpUMDhrYWlhS0lMT29WNU5jWnNlMmR5ZGthMDZ4TTJsNXQzWVRCUUtsNkhNSjNCaTVzZDBQLUZXSUJya3NoNGhNaUhkRzJsMC1qdHhMdm9qNlRPbnB4dTI2TldWZV9ydmhxbHQ?oc=5","74","0.3","","47","0.3","","42","0.3",""
"Mondelez","Retail & Consumer","68","Tier 2","28","no","2026-07-01","64","0.3","","57","0.75","https://news.google.com/rss/articles/CBMirwFBVV95cUxPdG5OMmUydldUTUV1ZTFZd2RhcHB5akU0ZTVhNUVYd3FwSGljTzBZcWhEY0MwaE1WVDJhaFBQOGh5SkNwM2R1MWhrZFhmcVRfZGNFNmZwbnlDOUlWMVI2R0dnRlZ6Q3RmY0JPbWhnYUlzenViX1lHakJJM2NxRnkwNDhaT2JUZmk1ODRBQmlmYUJCNEFxT1BFVGl4NjBSbFJVQlNkNGcyQmt3VXVRRm5Z?oc=5","72","0.3","","100","0.3","","32","0.3",""
"Fox Corporation","Media & Entertainment","68","Tier 2","33","no","2026-07-01","72","0.3","","81","0.75","https://news.google.com/rss/articles/CBMigAFBVV95cUxPZm5QdDhiS29Cc3J0SnJZV3l6aU1YZ3JQNUpKVHhBTlVLYXVHVXFUME5wS3g5bTVKUlpoWFMzWUpMNXU1QzJzakZSOW1jNTdDRmRNeUtQYUhVS0JOZ1lKcTNQVTFlWlJvcV9kMF9UaktHZVJzUEFTSnY5R0tfeF9EWA?oc=5","82","0.3","","47","0.3","","40","0.3",""
"Delta Air Lines","Logistics & Transportation","68","Tier 2","33","no","2026-07-01","64","0.3","","67","0.75","https://news.google.com/rss/articles/CBMiqwFBVV95cUxONXE1Vm9zdFY3SkVybHd5YThJdmZ1RXZUNXluSXU5VUJ5Z0pFLXRqLUpjTjI3R1hvbE85VDljSjBHOXJPOUVxRGdhdUFWX0pZNnVfN3RjSnRnTTUxQkdONUV5VHl4MEVWMXJFVlJ2WlVXbHh6YmlmN21heW52eG85cUFMRkFjMXkwdmpNR1NfNHNyOGN3WFR3WTNhOWtRdURFWmRqU29QWGZUTUk?oc=5","72","0.3","","84","0.3","","40","0.3",""
"American Airlines","Logistics & Transportation","68","Tier 2","33","no","2026-07-01","64","0.3","","67","0.75","https://news.google.com/rss/articles/CBMijgFBVV95cUxPbzFWX21BYnpPN1J2QmRoUUlvUUpTQVJhMzg2VmlpNmJmSEFjb2dFSTlHV3pCT05yaV9RaGtIejhhY3JTTm9kQy1veHlfbkZDUnBhV3BCZW1tSFZXV1l3RkJrMmZoVjZXQ1daTGpEQUFEaTJuNW5ELVc5YzE1QlRzUkhRbEdMbFkzT19FME1B?oc=5","72","0.3","","84","0.3","","40","0.3",""
"General Dynamics","Manufacturing & Industrial","67","Tier 2","30","no","2026-07-01","66","0.3","","65","0.75","https://news.google.com/rss/articles/CBMiqAFBVV95cUxNdi1sZVYwOWRjX3haZkMtYjM3cVFpSHVJZ1VqMXhDRnpmT3pCYk85NnVUR1J0S3h6eTVnSE9SSnZjSndDc1JXcU1EZXFYUFZ6T1dyQkQxdlpjRXd3alluRG56aDJTWDFRWmZzX2prUXFDeHU4S0pucHhGZjJpVmJkeVh6REhEdmg4THh5a0lwdGE4d0IwWi1UWVZvSEs4ZDNldDc5cFBEeWg?oc=5","68","0.3","","84","0.3","","40","0.3",""
"Colgate-Palmolive","Retail & Consumer","67","Tier 2","26","no","2026-07-01","64","0.3","","53","0.75","https://news.google.com/rss/articles/CBMimwFBVV95cUxPOEtsenp5THIzY1p0Rk9iaHExcVpjMHE2VndzNXFGQjlOU2ctMmZ6Ml9tU0FaRTRMTHhFODFGeFctVm9pUGw0bFBkXzBqendCVEZ0Ri15UHZzT2ZSRm1ST3IyeHduMXF1d2d6X1ZibEI2YV9pbE1fOGN2dmNoUFlBSU9rNnViNE5kandoZGFmbXFNaEVUdDA4YWJTNA?oc=5","72","0.3","","100","0.3","","32","0.3",""
"NextEra Energy","Energy & Utilities","67","Tier 2","33","no","2026-07-01","68","0.3","","83","0.75","https://news.google.com/rss/articles/CBMi0wFBVV95cUxPMWZBRGJXelhRV3RZRHZHYTB4NjJLcU5zQ0VtTUpXbjJsOUFZTDFOTFlOWXQ4dDloaDZYQW5JNWhvSXJtRVlyNkJDUkVoY3VyT2NTTWVMaHdoTFg5ZUtMM2pCQlhZVkhhWXdDMndBMmlxT0NITTNrdzFCN0s2OFBlcUFnUFM1QjdQajVzWHMzV0s1aVpZVUJ0N0FUWlBiNy1EV3QwdDlnVVhfUHhVazVOZWNucDBqaDVvUk8taklGTzljcXRlaHdlRjQwaDZ0OV9LR0s0?oc=5","70","0.3","","55","0.3","","44","0.3",""
"Shell (Americas)","Energy & Utilities","67","Tier 2","20","no","2026-07-01","68","0.3","","53","0.4","https://news.google.com/rss/articles/CBMib0FVX3lxTFAtUGgta0JCQnpzWDVfalg3RnNva19qVGRBZjBGeWlJeUIxSnBSdVJWdFNXdU9TakJ3Zml6Qy1fWXplZFRlODlJaVRXblF5ZVNGX2NscjZ0M2c0Q0k0amxQMWRMaHBFNGRSR1ZEc3B6QQ?oc=5","70","0.3","","92","0.3","","44","0.3",""
"CVS Health","Healthcare","66","Tier 2","33","no","2026-07-01","76","0.3","","87","0.75","https://news.google.com/rss/articles/CBMi4AFBVV95cUxPR1d5MF81MlV3RF9hYm9Hb081SFF6ZlhjeHVlOFRPSFplQWh6UDRTenpoTC1nVUdDTFN0cTFqVTlnSUhpeEFOT1hPd2tzWDh3MVFSWjEyc2M0UFRsaS1oM29pQ1djQ2p1WW9PNjI5bThENkl3c2pLMllOMTVpa3VmWXJqaVdVeldFV0JLTUhBNE5LZWFGNWFIRFpKU2F0X2djakpIWDVxNXpMY0J6cU5XMDVhVkxvMkVKYl9sM3pkSHFJOXpDYjR3dDJINFpJT3V3UV9MMlJOdUR0NllyWERMOA?oc=5","76","0.3","","27","0.3","","50","0.3",""
"The Home Depot","Retail & Consumer","66","Tier 2","32","no","2026-07-01","74","0.3","","73","0.75","https://news.google.com/rss/articles/CBMikAFBVV95cUxPWUhLdHVadGdkMW1jcG81WlBzRjdaTHNQbWE4eXZ3ZU5SME1uUktUbEt0RHZFYW5qMGtBNC1GTVhscWJfUnhfZVVjUTVRTHlHeUlJaHRNZVBGcGlNY1N4RWV3bnNyZzBENU9yVUtBRjh3UjM3LVFYM0N5OFFYOWo1aVllb3ZuazhQZFF3NWNxMVc?oc=5","78","0.3","","46","0.3","","46","0.3",""
"ExxonMobil","Energy & Utilities","66","Tier 2","33","no","2026-07-01","60","0.3","","61","0.75","https://news.google.com/rss/articles/CBMiugFBVV95cUxNM2pYNWxhYUMzZUZMZFBnbGtmTVAzMlJld3hyekpmdWJhNnY0TTFWLXI2NUJGLXduTjVIOGhCc0VfUDAyMkdyU2F5SVNZWmtyeEhUZENtdVhKeEc2NHoxems0VFdncERKZDRtSXMyOFM1V2dlQmZhQTc4dlVoQ0NaZ0xaUkh6MkZQdVZhOUFKVTBIVV9mUVd0LUVyUVBOVk1jUW5YSHBRU0Q1MDlpYVVuXzhVckZPQUY5S0E?oc=5","66","0.3","","92","0.3","","40","0.3",""
"Costco Wholesale","Retail & Consumer","65","Tier 2","33","no","2026-07-01","66","0.3","","72","0.75","https://news.google.com/rss/articles/CBMi3gFBVV95cUxOSFZLYUxvQmZRcS1hTEVsd0gxNlliNVd6akx0ZlVwUHk1N2U4dnRFWGN2SXdha3M4dmxPeS1QUHF6QjdFRDZPSE4xSFhHbks0cG1zbmhyZ016S1BOWmJXZXRkSDFrVmgyQ1ZtT2F3WTFDbEdsaWw2aW5hbkRZbzI2OUxQeWcyb2hRWnpHeDJwaldROXJrb3N6Q29TSnBQMzBXeFBxZWE0QzhUUVNqRXZNcVlPeEFvbnFOME9fYW9idGl5MVJnS2NEVTVtOFdWUXhCbF9rdlpFamJKYlV5cXfSAeMBQVVfeXFMT1RqNDU1SXJhcEFCXzVxOVZEVzBFY05penZIOW9WSDY1Y1dZcmFMd3lUZmdQZUJPSjZST1ZZSUNRaFZCRWhmTGJqVWZETW43dDFPV3RsWGRJczJic3IwY3lzYWtXWjdicmVHWnZZV3locTktdGVnby1CaHB2cmtXd0hMQnNiU2F6cE5fRlNvWVEtalhYellVQnFTcnZzd2RMN09uX0VIcmtOQUdEbUlrLWFDdUJhLXJ4OFR1bm1FTktFVlFyanUwVTkxaUx3OFctclRybHJpYjlUVW1QeHo4b1ZBTzQ?oc=5","74","0.3","","58","0.3","","42","0.3",""
"TJX Companies","Retail & Consumer","65","Tier 2","33","no","2026-07-01","66","0.3","","73","0.75","https://news.google.com/rss/articles/CBMiUkFVX3lxTE9SQW9QdUtFT3FqR2FMRGZ4ek9XaVNOS2lwNzRSTk1vTUFvLXo0QWVfVTR2YXJfMU9rMG5Bamp5S2E5YjJfelJEaDg3dU5Na3NWRWc?oc=5","74","0.3","","58","0.3","","42","0.3",""
"Target","Retail & Consumer","63","Tier 2","33","yes","2026-07-01","74","0.3","","81","0.75","https://news.google.com/rss/articles/CBMiwAJBVV95cUxQWUhGbk5TVDlsZ1oyWkhXOTVFNjdUZl9ua1Q2YzJQQW9KRnRIcEoyZFIzR3d2ZzlWRUNzY0RDb2dFRUxSakFjZExRYm1mYWZWOTI1SXFNVkNrMEp2TERZRUMtNC11ajlYbG84LV9UMXBoRDNrbFYtN3BWamdLWnd3THNoUnJCQV90ODBvM1Q0bUdQLUlIX1UyaTFKOEFKTEFreVJmWmtWclZsT2hqWVFIaFpoYlh2R1FLNElLTDh6WE1iX0thbndieDhEQkVNYlFLbkJvaVpXVVNuQjBpOF9mQnpRUEYxd2t3aS1tQ3hMdHBCNGlkbm1RQnNaTkJMVVZJdnRud0RjVThVZG45MUlXRVRPdE5nS1hfNDUxM1NxdGtESGxVWktZMjhScTdhS21PeS1nd3NnOXY5WXg0ZG9ySQ?oc=5","78","0.3","","21","0.3","","46","0.3",""
"Duke Energy","Energy & Utilities","62","Tier 2","33","yes","2026-07-01","60","0.3","","75","0.75","https://news.google.com/rss/articles/CBMinwFBVV95cUxNNXdsSnktSjNPRG1MbmlfZy00WUNROTViamFsYVFaWDhRWWoxWTNiM29jek5rdHhxOVpPT2FhWF9vRmEzd0VBRjlrUm5hbjhWcUJoX0hUQWZXU3QwYjMzYlF1b0c4WHIxWllibXVPWEZjQWRkZVBSSmFybVMwc2ZtWFBnME1uREtGUUtHTTgzLXV4VUNKdWlTMENmWHRUZ1k?oc=5","66","0.3","","55","0.3","","40","0.3",""
"Dominion Energy","Energy & Utilities","62","Tier 2","33","yes","2026-07-01","60","0.3","","75","0.75","https://news.google.com/rss/articles/CBMi0wFBVV95cUxPMWZBRGJXelhRV3RZRHZHYTB4NjJLcU5zQ0VtTUpXbjJsOUFZTDFOTFlOWXQ4dDloaDZYQW5JNWhvSXJtRVlyNkJDUkVoY3VyT2NTTWVMaHdoTFg5ZUtMM2pCQlhZVkhhWXdDMndBMmlxT0NITTNrdzFCN0s2OFBlcUFnUFM1QjdQajVzWHMzV0s1aVpZVUJ0N0FUWlBiNy1EV3QwdDlnVVhfUHhVazVOZWNucDBqaDVvUk8taklGTzljcXRlaHdlRjQwaDZ0OV9LR0s0?oc=5","66","0.3","","55","0.3","","40","0.3",""
"Cigna","Healthcare","61","Tier 2","33","yes","2026-07-01","68","0.3","","79","0.75","https://news.google.com/rss/articles/CBMivAFBVV95cUxOYzR0aHRxQkxpY3lza0FVbFlKd244TDFJQVpST3NDSDVYS25HMEZkaUZOcUhkX3NuSzhBdVpLUG1LQ3BrU3RZcVFPTFVEZXFESGwzeU1oVlI4dG9TNDNILS1HMWdUNnU4VEl3S1NKdlp4UGQxUzZCdzBjSUpmLXVKZlFZNVRZWkRSazlFcDNFZGdBNXNlQ0gzbDZQbTZ6d3NTZFBBV3hydkUwVGVKbVRvQzJOWFNEOFVjN2FFZw?oc=5","72","0.3","","27","0.3","","46","0.3",""
"HCA Healthcare","Healthcare","60","Tier 2","33","yes","2026-07-01","68","0.3","","75","0.75","https://news.google.com/rss/articles/CBMiwgFBVV95cUxPUDg3ekIwcWhqTExkZVFhakdwT1ZMU3V4dHcxWnRJVmdrMjVwYkhNVS1lRTJJVlB6WENrZVFzeWJqLU5jWTkzRXlpTVo0ZkdYenM3MUhfLVRrSWthRldNNm1NYWI2Mm1DcHc5NC04aEhBVHRUd2FacmQ0QnNhMzlNWjBRRHRLTktYNWtFeU5HUnEwSU45U0ZiVWUxZXk5YlRydVVjWFpzaF9TXzRnZnN2SlNMWkZ5YmIxVVczWUxubFNLZw?oc=5","72","0.3","","27","0.3","","46","0.3",""
"Walgreens Boots Alliance","Retail & Consumer","60","Tier 2","27","yes","2026-07-01","66","0.3","","50","0.75","https://news.google.com/rss/articles/CBMinAFBVV95cUxQSTkzNEVwTkk0SS1XelNYbmpfaGpITVJVdVV3WWpaZWlCS014RGRNSU1abVZEVEE5ay1iNV9RbUJFWHVwcGlsbU1aNFpkSUdQV1hqVllPbXpBV0pxLUtYN0VtRExHMGlkZW5TVmhwNnUxRTdhby0tNXJ0ck1aVDFiQkxlZW5VU2hoY21nMV8tc0VvWnBLMXZMbUZiTWU?oc=5","74","0.3","","58","0.3","","42","0.3",""
"Union Pacific","Logistics & Transportation","60","Tier 2","32","yes","2026-07-01","64","0.3","","66","0.75","https://news.google.com/rss/articles/CBMiekFVX3lxTE56MDFpM3NqNm11RWtfU2RickFwRFNYZzRTRFNJd2d1R1hEZnNHcTFtMXU1bUxIZy1Ca0g0RC1DLUxuQlpOLWxSX3lzc1Z1bVRYbktzcEZfTGRUYTV6MWVhN2I1am84UXVsSFBNeVhPaXItb2xNTGptUnBn?oc=5","72","0.3","","47","0.3","","40","0.3",""
"Allstate","Financial Services","59","Tier 3","32","yes","2026-07-01","66","0.3","","56","0.75","https://news.google.com/rss/articles/CBMid0FVX3lxTE1Fa0J0Q1k3aUlEekhJb0t6VE9zZkpkTmtOUmJ6Tkc1WE4yaFRNRlN0TTAzekt1U1lKMlJCUEVkRHlOaExRUlVSTUNMRS00S2FyMlliNjVyLXR0YjZTOGlOMnM4ZVRKMzNjTEtKaTZqYTNLMEZMV3Aw?oc=5","74","0.3","","51","0.3","","34","0.3",""
"Elevance Health","Healthcare","59","Tier 3","32","yes","2026-07-01","68","0.3","","72","0.75","https://news.google.com/rss/articles/CBMi0wFBVV95cUxPQ2VEYVRxcklyQzlWM0QwekFEV1dQNU1NWk1SLTg4RFotTEtjSTg5bmNmZ3p1N052QVhpNl85UXBOekpXWm1DSmp3SjJQQk00X1FSU0xjWWo0dVNGcFBOZ0xJdGNYUmtkaHJHemVMeXdaYlR4ZHNMUWw0aVl1S1BiUlRqT2FfOFQ5bVktcW5CYk5iVmJ2ZVlxVHNHSUd4MlJFdDdNeWxLaXdmUE4yUGhKUkhJS0N2MnZvYVJoZFVCOFF6SzhzeUdfZDhwVEotWjg2aF9B?oc=5","72","0.3","","27","0.3","","46","0.3",""
"Southern Company","Energy & Utilities","59","Tier 3","30","yes","2026-07-01","60","0.3","","63","0.75","https://news.google.com/rss/articles/CBMi5wFBVV95cUxPTjRUNnd2dzVkZFdadkVqVllxX0RfOXJGa19KdWlSLU5yOC1mYTgxMzliVXRNQktqTXF1XzBzRXR2UExDcGFiOVRHTEhrRG9wZ29Ja3FuT3E1UTVJdmp6MGJsa3Z5a29UX200SHMwS1RrcU8zdmo4dzJvLWpadHJiT2JjSHVSS0hrb2RqV2xXZGk0ZzFEWTVpQlF5ek9KUGQ4T1lUMzR2UWFVazcwNmpOMmpmRjg0UUd5LUVIUkYtUmJwZlpoNzNvbHl2NWxzRE9EWXZBNWQxdUZ2MDdOUUIydE9VUzd0ZTA?oc=5","66","0.3","","55","0.3","","40","0.3",""
"Lowe's","Retail & Consumer","58","Tier 3","33","yes","2026-07-01","66","0.3","","73","0.75","https://news.google.com/rss/articles/CBMilwFBVV95cUxQbUNhWVBGQlRWOUZ5bU9WeWptc3Y5MFJLWUZXTEowcWNUNk4wYmxEb3ZzRHAzMGh0bUttRnRkc0JPTG03UkF2YmJUaW5HSnFwZk12OHUyS1B2bkFGbkVaN3k3TWtjbldyTlcyem1jckNDWVB3Q1hmai1aa1NVTTNzc3RaWW1VQWM2a05Wakprc25sa2lKdlV3?oc=5","74","0.3","","21","0.3","","42","0.3",""
"Best Buy","Retail & Consumer","58","Tier 3","33","yes","2026-07-01","66","0.3","","73","0.75","https://news.google.com/rss/articles/CBMiV0FVX3lxTE15ZHVMRDJVT0dlSTM4X0gxSW1tVElMWHNuajFvTDZOLU0teDQtcm01OHJMbmtCWjlLT3Y5U0FtQzVrMkFjT3YyLVlzLWtVVlZ4TV8tcjZmSQ?oc=5","74","0.3","","21","0.3","","42","0.3",""
"Kroger","Retail & Consumer","58","Tier 3","33","yes","2026-07-01","66","0.3","","73","0.75","https://news.google.com/rss/articles/CBMimgFBVV95cUxPMlpveW5XOVFsVWxoOUw2WEthdmRlYmZDUFYxQ2Jwc2Z6Yi1FNmxqUk1kVXExTGlZVkxfcWZydjlxa2VEQ2N0RjVEbzFJcWQ1NDhKTDF2eHFReGxvOVVRNGJlYmFxNUJFUG5CdUNYd0dsMk50RnU4NHM3ZC1kMWxxWnYwU1RlSFFRZlBEb2M4Mm5oUnlHMzNjbG5n?oc=5","74","0.3","","21","0.3","","42","0.3",""
"Dollar General","Retail & Consumer","58","Tier 3","32","yes","2026-07-01","66","0.3","","73","0.75","https://news.google.com/rss/articles/CBMisgFBVV95cUxOTEJhdmRkSXQxY2h0eHR0c3hXWW5uS1lJNFN4OHF2bkdxM2NTQVIxNk95MTk2NUdKZHIyTTh6cmRKUDl3dU1RTjBfVzA1SHZZNTVDbmZ1akxVbTF0VDlEazZQdHJBZTFwMW5iMnFDS2hLMlhNa2NDUXQ0U3R3Mkc4TEZxN2VBcEFxNjhGWWZtdEV1S0dMeXB4OGpuTU9ZWlduUXVBZUl2eV9HcUthWmNqaUp3?oc=5","74","0.3","","21","0.3","","42","0.3",""
"Old Dominion","Logistics & Transportation","57","Tier 3","32","yes","2026-07-01","64","0.3","","54","0.75","https://news.google.com/rss/articles/CBMiuAFBVV95cUxNRGcyZEx1Z3E4ZzllRkh1SnNjaXZ6SS11LXZDODdtU01RRVVGcU9DVHQ4Vl9LVk84NGNsaFpiM29Yb2NCaHM2b2FZVkllQkdGcEhkSm1UaUxCX0RYSndsSHBvNWZTVTlqVlp2dmxlTl9hQTM1eUgzdE1wYVpQX0k2RUhIU2l1ZHVqcE1yNGd0NU5kU3VUeVgyclVuMmRmWGVqUjFFeWZibHBXdmkwb1BJa05vd1dCeWRQ?oc=5","72","0.3","","47","0.3","","40","0.3",""
"Humana","Healthcare","56","Tier 3","32","no","2026-07-01","68","0.3","","60","0.75","https://news.google.com/rss/articles/CBMiugFBVV95cUxQXzNBTnRwOGEtLUJaVTY5WnNKS2Rra1AxeklORENYOGxMUTFhX0JXc0NSLVVGc09KZ3ZjY2d5MTlPdExqYXJqdFI0b19vc2QwRWlhcVVEYzV6VExBTFFyUW1lVnhMN1Vrb0NXQkhHTFNuWFJESUE4UHotYUVhcHJOOG16OTZ2NE5qZnJwdDNkRDRya3dqRVNPRmlTNjAtU1pueDdRQ1pEdlVDRFhMZDhYcTVTanQtNmFVQkE?oc=5","72","0.3","","27","0.3","","46","0.3",""
